transaction_id,date,customer,product,amount,status
TX00001,2026-01-29,Aisha Khan,Starter Plan,1499,success
TX00002,2026-07-08,Priya Nair,Starter Plan,499,success
TX00003,2026-01-08,Arjun Mehta,Starter Plan,999,success
TX00004,2026-01-07,Aditya Verma,Pro Plan,4999,success
TX00005,2026-03-13,Aditya Verma,Starter Plan,799,success
TX00006,2026-03-13,Vivek Rao,Pro Plan,999,failed
TX00007,2026-01-27,Vivek Rao,Starter Plan,4999,success
TX00008,2026-03-30,Meera Iyer,Business Plan,299,success
TX00009,2026-02-01,Neha Gupta,Enterprise Plan,499,success
TX00010,2026-06-10,Meera Iyer,Business Plan,999,success
TX00011,2026-06-19,Arjun Mehta,Pro Plan,1499,failed
TX00012,2026-03-01,Meera Iyer,Starter Plan,4999,success
TX00013,2026-08-02,Aisha Khan,Business Plan,799,success
TX00014,2026-06-21,Rohan Kumar,Business Plan,499,success
TX00015,2026-05-17,Priya Nair,Pro Plan,799,success
TX00016,2026-08-25,Ananya Menon,Pro Plan,2499,success
TX00017,2026-01-15,Akash Das,Pro Plan,299,success
TX00018,2026-03-10,Sneha Patel,Starter Plan,999,failed
TX00019,2026-08-13,Aditya Verma,Business Plan,999,success
TX00020,2026-08-15,Sneha Patel,Enterprise Plan,799,success
TX00021,2026-07-10,Rohan Kumar,Business Plan,4999,success
TX00022,2026-04-03,Sneha Patel,Pro Plan,799,success
TX00023,2026-07-13,Rahul Sharma,Starter Plan,499,success
TX00024,2026-07-22,Priya Nair,Enterprise Plan,499,success
TX00025,2026-04-30,Aditya Verma,Business Plan,299,success
TX00026,2026-06-24,Rahul Sharma,Business Plan,2499,success
TX00027,2026-02-10,Sneha Patel,Enterprise Plan,299,failed
TX00028,2026-07-04,Varun Shah,Business Plan,799,success
TX00029,2026-08-11,Rahul Sharma,Business Plan,999,success
TX00030,2026-02-11,Akash Das,Starter Plan,2499,success
TX00031,2026-08-26,Rahul Sharma,Business Plan,1499,success
TX00032,2026-08-13,Rohan Kumar,Starter Plan,499,success
TX00033,2026-01-18,Meera Iyer,Pro Plan,799,success
TX00034,2026-02-12,Neha Gupta,Business Plan,4999,failed
TX00035,2026-05-19,Varun Shah,Pro Plan,1499,success
TX00036,2026-06-16,Aisha Khan,Business Plan,9999,success
TX00037,2026-01-31,Karan Singh,Pro Plan,999,success
TX00038,2026-05-31,Arjun Mehta,Pro Plan,999,success
TX00039,2026-06-11,Riya Thomas,Starter Plan,999,success
TX00040,2026-08-09,Arjun Mehta,Business Plan,499,success
TX00041,2026-06-21,Ananya Menon,Enterprise Plan,999,success
TX00042,2026-08-28,Riya Thomas,Enterprise Plan,999,success
TX00043,2026-04-15,Akash Das,Pro Plan,499,success
TX00044,2026-04-01,Sneha Patel,Enterprise Plan,4999,success
TX00045,2026-01-14,Riya Thomas,Starter Plan,299,success
TX00046,2026-07-24,Vivek Rao,Starter Plan,999,success
TX00047,2026-04-25,Neha Gupta,Pro Plan,4999,success
TX00048,2026-03-05,Karan Singh,Starter Plan,9999,success
TX00049,2026-05-21,Meera Iyer,Starter Plan,299,success
TX00050,2026-08-03,Neha Gupta,Starter Plan,499,failed
TX00051,2026-03-02,Meera Iyer,Pro Plan,4999,success
TX00052,2026-08-10,Rohan Kumar,Enterprise Plan,299,success
TX00053,2026-04-10,Arjun Mehta,Business Plan,9999,success
TX00054,2026-07-07,Riya Thomas,Enterprise Plan,799,success
TX00055,2026-01-15,Rohan Kumar,Starter Plan,2499,success
TX00056,2026-05-03,Aditya Verma,Pro Plan,299,failed
TX00057,2026-08-06,Rahul Sharma,Pro Plan,499,success
TX00058,2026-08-09,Aisha Khan,Pro Plan,4999,success
TX00059,2026-05-26,Varun Shah,Pro Plan,299,success
TX00060,2026-06-18,Sneha Patel,Business Plan,1499,success
TX00061,2026-03-22,Riya Thomas,Pro Plan,1499,success
TX00062,2026-06-15,Aisha Khan,Business Plan,9999,success
TX00063,2026-08-28,Akash Das,Starter Plan,299,success
TX00064,2026-01-26,Aditya Verma,Starter Plan,999,success
TX00065,2026-08-27,Priya Nair,Business Plan,499,success
TX00066,2026-03-14,Vivek Rao,Pro Plan,9999,success
TX00067,2026-03-19,Riya Thomas,Starter Plan,1499,failed
TX00068,2026-08-29,Rahul Sharma,Pro Plan,1499,success
TX00069,2026-07-10,Rahul Sharma,Pro Plan,1499,success
TX00070,2026-07-03,Rohan Kumar,Business Plan,999,success
TX00071,2026-03-09,Meera Iyer,Enterprise Plan,1499,failed
TX00072,2026-01-14,Meera Iyer,Starter Plan,4999,success
TX00073,2026-01-01,Arjun Mehta,Business Plan,799,success
TX00074,2026-02-11,Ananya Menon,Enterprise Plan,4999,success
TX00075,2026-01-20,Rahul Sharma,Pro Plan,299,success
TX00076,2026-05-22,Aditya Verma,Pro Plan,4999,success
TX00077,2026-04-04,Ananya Menon,Starter Plan,2499,success
TX00078,2026-06-20,Rohan Kumar,Starter Plan,2499,success
TX00079,2026-08-12,Varun Shah,Enterprise Plan,799,failed
TX00080,2026-08-10,Rohan Kumar,Pro Plan,799,success
TX00081,2026-02-15,Arjun Mehta,Business Plan,4999,success
TX00082,2026-07-08,Meera Iyer,Pro Plan,1499,success
TX00083,2026-01-28,Riya Thomas,Enterprise Plan,299,success
TX00084,2026-02-21,Rohan Kumar,Enterprise Plan,2499,success
TX00085,2026-08-12,Akash Das,Pro Plan,999,success
TX00086,2026-04-13,Rohan Kumar,Business Plan,1499,success
TX00087,2026-03-13,Akash Das,Business Plan,4999,success
TX00088,2026-05-18,Meera Iyer,Business Plan,299,success
TX00089,2026-02-15,Ananya Menon,Business Plan,299,success
TX00090,2026-03-30,Sneha Patel,Business Plan,4999,success
TX00091,2026-01-30,Neha Gupta,Enterprise Plan,999,success
TX00092,2026-04-22,Riya Thomas,Starter Plan,999,success
TX00093,2026-06-20,Rahul Sharma,Business Plan,2499,success
TX00094,2026-07-04,Rahul Sharma,Business Plan,1499,success
TX00095,2026-04-14,Vivek Rao,Business Plan,799,success
TX00096,2026-08-29,Aisha Khan,Enterprise Plan,799,success
TX00097,2026-04-14,Ananya Menon,Starter Plan,1499,success
TX00098,2026-07-21,Sneha Patel,Business Plan,9999,success
TX00099,2026-02-24,Aisha Khan,Enterprise Plan,799,success
TX00100,2026-05-12,Ananya Menon,Business Plan,499,success
TX00101,2026-03-02,Akash Das,Business Plan,999,success
TX00102,2026-01-07,Priya Nair,Starter Plan,999,failed
TX00103,2026-08-06,Aditya Verma,Starter Plan,9999,success
TX00104,2026-05-28,Aisha Khan,Pro Plan,4999,success
TX00105,2026-02-07,Rohan Kumar,Starter Plan,499,success
TX00106,2026-02-15,Rohan Kumar,Enterprise Plan,299,success
TX00107,2026-08-06,Varun Shah,Starter Plan,9999,success
TX00108,2026-06-20,Karan Singh,Business Plan,9999,success
TX00109,2026-08-17,Riya Thomas,Enterprise Plan,9999,success
TX00110,2026-08-09,Riya Thomas,Enterprise Plan,9999,success
TX00111,2026-08-04,Rohan Kumar,Business Plan,9999,success
TX00112,2026-04-23,Ananya Menon,Starter Plan,1499,success
TX00113,2026-03-23,Vivek Rao,Starter Plan,799,success
TX00114,2026-06-27,Sneha Patel,Pro Plan,999,success
TX00115,2026-03-26,Sneha Patel,Enterprise Plan,4999,success
TX00116,2026-04-18,Meera Iyer,Enterprise Plan,299,success
TX00117,2026-05-28,Akash Das,Enterprise Plan,9999,success
TX00118,2026-03-18,Vivek Rao,Enterprise Plan,4999,success
TX00119,2026-05-20,Riya Thomas,Pro Plan,9999,success
TX00120,2026-05-05,Sneha Patel,Starter Plan,4999,success
TX00121,2026-07-24,Aisha Khan,Enterprise Plan,799,success
TX00122,2026-02-02,Varun Shah,Starter Plan,4999,success
TX00123,2026-01-07,Aisha Khan,Starter Plan,4999,success
TX00124,2026-02-16,Karan Singh,Starter Plan,1499,success
TX00125,2026-04-27,Rohan Kumar,Business Plan,2499,success
TX00126,2026-03-13,Sneha Patel,Enterprise Plan,1499,success
TX00127,2026-01-05,Karan Singh,Starter Plan,2499,success
TX00128,2026-07-19,Rahul Sharma,Starter Plan,299,failed
TX00129,2026-08-03,Rohan Kumar,Starter Plan,799,success
TX00130,2026-06-21,Karan Singh,Starter Plan,999,success
TX00131,2026-07-16,Ananya Menon,Business Plan,799,success
TX00132,2026-07-03,Riya Thomas,Starter Plan,799,failed
TX00133,2026-05-29,Rahul Sharma,Starter Plan,1499,success
TX00134,2026-04-07,Varun Shah,Enterprise Plan,999,success
TX00135,2026-08-01,Riya Thomas,Pro Plan,499,success
TX00136,2026-08-06,Ananya Menon,Starter Plan,299,success
TX00137,2026-06-19,Sneha Patel,Business Plan,499,success
TX00138,2026-01-04,Vivek Rao,Enterprise Plan,9999,success
TX00139,2026-06-12,Vivek Rao,Enterprise Plan,799,success
TX00140,2026-05-14,Riya Thomas,Business Plan,9999,success
TX00141,2026-07-07,Meera Iyer,Business Plan,2499,success
TX00142,2026-08-28,Meera Iyer,Starter Plan,1499,success
TX00143,2026-07-12,Rohan Kumar,Enterprise Plan,4999,success
TX00144,2026-08-06,Karan Singh,Business Plan,799,success
TX00145,2026-07-24,Vivek Rao,Business Plan,2499,success
TX00146,2026-06-29,Aditya Verma,Business Plan,299,success
TX00147,2026-01-22,Rohan Kumar,Pro Plan,4999,success
TX00148,2026-03-03,Akash Das,Enterprise Plan,9999,success
TX00149,2026-01-24,Arjun Mehta,Business Plan,999,success
TX00150,2026-03-20,Rohan Kumar,Business Plan,9999,success
TX00151,2026-04-19,Vivek Rao,Business Plan,2499,success
TX00152,2026-03-20,Ananya Menon,Business Plan,999,success
TX00153,2026-03-22,Rohan Kumar,Starter Plan,799,success
TX00154,2026-05-04,Riya Thomas,Business Plan,1499,failed
TX00155,2026-02-19,Meera Iyer,Business Plan,999,success
TX00156,2026-01-04,Ananya Menon,Pro Plan,1499,success
TX00157,2026-05-22,Arjun Mehta,Business Plan,799,success
TX00158,2026-05-06,Akash Das,Starter Plan,299,success
TX00159,2026-05-03,Karan Singh,Enterprise Plan,2499,success
TX00160,2026-03-06,Arjun Mehta,Enterprise Plan,499,success
TX00161,2026-05-06,Sneha Patel,Starter Plan,299,success
TX00162,2026-05-25,Akash Das,Business Plan,499,failed
TX00163,2026-05-23,Rahul Sharma,Enterprise Plan,999,success
TX00164,2026-04-26,Sneha Patel,Enterprise Plan,1499,success
TX00165,2026-03-20,Sneha Patel,Starter Plan,499,failed
TX00166,2026-06-10,Rohan Kumar,Pro Plan,1499,success
TX00167,2026-03-03,Priya Nair,Pro Plan,499,success
TX00168,2026-04-26,Sneha Patel,Enterprise Plan,1499,success
TX00169,2026-06-30,Ananya Menon,Business Plan,9999,success
TX00170,2026-08-25,Rohan Kumar,Business Plan,999,success
TX00171,2026-02-27,Neha Gupta,Pro Plan,1499,success
TX00172,2026-01-16,Rahul Sharma,Pro Plan,1499,success
TX00173,2026-05-26,Meera Iyer,Business Plan,9999,success
TX00174,2026-03-19,Riya Thomas,Enterprise Plan,1499,success
TX00175,2026-04-23,Karan Singh,Starter Plan,299,success
TX00176,2026-03-24,Riya Thomas,Business Plan,299,success
TX00177,2026-08-03,Aisha Khan,Starter Plan,1499,success
TX00178,2026-07-13,Akash Das,Pro Plan,9999,success
TX00179,2026-08-23,Karan Singh,Business Plan,799,failed
TX00180,2026-06-12,Sneha Patel,Enterprise Plan,499,success
TX00181,2026-03-27,Sneha Patel,Business Plan,499,success
TX00182,2026-04-16,Vivek Rao,Enterprise Plan,1499,success
TX00183,2026-07-28,Sneha Patel,Starter Plan,9999,success
TX00184,2026-03-24,Ananya Menon,Starter Plan,4999,success
TX00185,2026-01-01,Meera Iyer,Enterprise Plan,4999,success
TX00186,2026-04-03,Neha Gupta,Enterprise Plan,9999,success
TX00187,2026-03-10,Rohan Kumar,Pro Plan,1499,success
TX00188,2026-05-05,Riya Thomas,Starter Plan,299,failed
TX00189,2026-07-24,Aditya Verma,Pro Plan,799,success
TX00190,2026-05-22,Arjun Mehta,Enterprise Plan,499,success
TX00191,2026-08-22,Meera Iyer,Starter Plan,9999,failed
TX00192,2026-08-02,Aisha Khan,Pro Plan,9999,failed
TX00193,2026-05-11,Ananya Menon,Business Plan,4999,success
TX00194,2026-03-04,Karan Singh,Enterprise Plan,799,success
TX00195,2026-06-03,Varun Shah,Pro Plan,499,success
TX00196,2026-08-07,Akash Das,Enterprise Plan,2499,failed
TX00197,2026-03-10,Neha Gupta,Starter Plan,1499,success
TX00198,2026-05-31,Meera Iyer,Enterprise Plan,799,success
TX00199,2026-03-30,Karan Singh,Business Plan,4999,success
TX00200,2026-08-11,Vivek Rao,Pro Plan,999,success
TX00201,2026-08-08,Rohan Kumar,Enterprise Plan,299,success
TX00202,2026-06-30,Karan Singh,Enterprise Plan,4999,failed
TX00203,2026-07-30,Akash Das,Pro Plan,9999,failed
TX00204,2026-05-09,Priya Nair,Business Plan,499,success
TX00205,2026-01-26,Karan Singh,Enterprise Plan,299,success
TX00206,2026-08-11,Sneha Patel,Pro Plan,499,success
TX00207,2026-03-28,Ananya Menon,Enterprise Plan,499,success
TX00208,2026-06-22,Meera Iyer,Enterprise Plan,2499,success
TX00209,2026-07-14,Varun Shah,Enterprise Plan,299,success
TX00210,2026-06-11,Rohan Kumar,Business Plan,999,success
TX00211,2026-01-26,Sneha Patel,Starter Plan,9999,success
TX00212,2026-08-20,Ananya Menon,Starter Plan,299,success
TX00213,2026-03-17,Arjun Mehta,Business Plan,2499,success
TX00214,2026-05-16,Rohan Kumar,Enterprise Plan,799,success
TX00215,2026-06-06,Rahul Sharma,Enterprise Plan,999,success
TX00216,2026-02-06,Aditya Verma,Pro Plan,9999,success
TX00217,2026-03-07,Karan Singh,Starter Plan,9999,failed
TX00218,2026-05-20,Aisha Khan,Pro Plan,499,success
TX00219,2026-05-31,Vivek Rao,Business Plan,4999,success
TX00220,2026-08-05,Karan Singh,Business Plan,999,failed
TX00221,2026-05-04,Meera Iyer,Starter Plan,999,success
TX00222,2026-05-28,Vivek Rao,Business Plan,1499,success
TX00223,2026-06-18,Meera Iyer,Enterprise Plan,1499,success
TX00224,2026-06-25,Meera Iyer,Starter Plan,9999,success
TX00225,2026-03-15,Varun Shah,Pro Plan,2499,success
TX00226,2026-06-08,Rohan Kumar,Business Plan,799,success
TX00227,2026-06-10,Varun Shah,Starter Plan,1499,success
TX00228,2026-05-29,Arjun Mehta,Business Plan,799,success
TX00229,2026-03-25,Ananya Menon,Enterprise Plan,799,success
TX00230,2026-05-19,Akash Das,Business Plan,1499,success
TX00231,2026-08-22,Ananya Menon,Enterprise Plan,1499,success
TX00232,2026-07-25,Vivek Rao,Starter Plan,9999,failed
TX00233,2026-07-13,Priya Nair,Pro Plan,4999,failed
TX00234,2026-05-23,Akash Das,Business Plan,499,success
TX00235,2026-03-09,Arjun Mehta,Starter Plan,9999,success
TX00236,2026-06-22,Riya Thomas,Business Plan,4999,success
TX00237,2026-01-28,Vivek Rao,Pro Plan,9999,success
TX00238,2026-05-24,Varun Shah,Business Plan,999,success
TX00239,2026-07-30,Aisha Khan,Enterprise Plan,1499,success
TX00240,2026-02-05,Rahul Sharma,Starter Plan,299,success
TX00241,2026-01-30,Karan Singh,Starter Plan,999,success
TX00242,2026-04-10,Priya Nair,Enterprise Plan,2499,success
TX00243,2026-06-28,Riya Thomas,Enterprise Plan,799,success
TX00244,2026-01-26,Aisha Khan,Enterprise Plan,4999,failed
TX00245,2026-01-09,Ananya Menon,Business Plan,999,success
TX00246,2026-08-07,Rohan Kumar,Business Plan,499,failed
TX00247,2026-05-20,Vivek Rao,Business Plan,299,success
TX00248,2026-02-01,Rohan Kumar,Enterprise Plan,499,success
TX00249,2026-06-13,Aisha Khan,Starter Plan,299,success
TX00250,2026-02-02,Rohan Kumar,Pro Plan,499,success
TX00251,2026-02-23,Neha Gupta,Pro Plan,999,success
TX00252,2026-07-21,Priya Nair,Starter Plan,1499,success
TX00253,2026-02-03,Priya Nair,Business Plan,799,success
TX00254,2026-01-07,Meera Iyer,Pro Plan,299,success
TX00255,2026-03-02,Akash Das,Business Plan,299,success
TX00256,2026-02-02,Arjun Mehta,Enterprise Plan,499,success
TX00257,2026-04-25,Karan Singh,Business Plan,499,success
TX00258,2026-06-07,Rohan Kumar,Starter Plan,1499,success
TX00259,2026-01-16,Arjun Mehta,Enterprise Plan,4999,success
TX00260,2026-05-06,Rahul Sharma,Enterprise Plan,499,success
TX00261,2026-06-05,Vivek Rao,Pro Plan,499,success
TX00262,2026-06-12,Aditya Verma,Business Plan,4999,failed
TX00263,2026-03-17,Neha Gupta,Enterprise Plan,4999,success
TX00264,2026-01-30,Riya Thomas,Pro Plan,4999,success
TX00265,2026-04-16,Rohan Kumar,Business Plan,9999,success
TX00266,2026-01-25,Riya Thomas,Business Plan,4999,success
TX00267,2026-04-06,Ananya Menon,Pro Plan,9999,success
TX00268,2026-01-22,Meera Iyer,Starter Plan,4999,success
TX00269,2026-04-06,Riya Thomas,Pro Plan,299,success
TX00270,2026-05-24,Neha Gupta,Business Plan,499,success
TX00271,2026-06-20,Meera Iyer,Enterprise Plan,299,failed
TX00272,2026-03-21,Aditya Verma,Business Plan,499,success
TX00273,2026-02-09,Rohan Kumar,Enterprise Plan,999,success
TX00274,2026-08-05,Vivek Rao,Business Plan,499,success
TX00275,2026-02-27,Aditya Verma,Enterprise Plan,299,success
TX00276,2026-08-01,Aisha Khan,Business Plan,299,success
TX00277,2026-07-15,Riya Thomas,Business Plan,2499,success
TX00278,2026-08-11,Priya Nair,Pro Plan,4999,success
TX00279,2026-06-12,Riya Thomas,Starter Plan,499,success
TX00280,2026-04-07,Rohan Kumar,Enterprise Plan,9999,success
TX00281,2026-03-21,Vivek Rao,Business Plan,499,success
TX00282,2026-02-10,Priya Nair,Starter Plan,499,success
TX00283,2026-04-19,Aisha Khan,Enterprise Plan,9999,success
TX00284,2026-07-13,Rohan Kumar,Starter Plan,2499,success
TX00285,2026-06-23,Ananya Menon,Enterprise Plan,1499,success
TX00286,2026-06-03,Sneha Patel,Starter Plan,299,success
TX00287,2026-07-16,Rohan Kumar,Pro Plan,1499,success
TX00288,2026-01-02,Rahul Sharma,Enterprise Plan,4999,success
TX00289,2026-05-17,Sneha Patel,Pro Plan,2499,success
TX00290,2026-07-09,Meera Iyer,Starter Plan,4999,success
TX00291,2026-01-20,Varun Shah,Business Plan,4999,success
TX00292,2026-06-13,Riya Thomas,Enterprise Plan,1499,success
TX00293,2026-03-25,Arjun Mehta,Pro Plan,9999,success
TX00294,2026-04-03,Varun Shah,Starter Plan,4999,success
TX00295,2026-04-22,Rohan Kumar,Enterprise Plan,499,success
TX00296,2026-07-10,Ananya Menon,Business Plan,999,success
TX00297,2026-01-20,Priya Nair,Starter Plan,999,failed
TX00298,2026-03-31,Vivek Rao,Pro Plan,999,success
TX00299,2026-02-20,Ananya Menon,Pro Plan,799,success
TX00300,2026-01-20,Aisha Khan,Pro Plan,9999,success
TX00301,2026-07-14,Aditya Verma,Enterprise Plan,2499,success
TX00302,2026-03-22,Aisha Khan,Pro Plan,9999,success
TX00303,2026-06-11,Karan Singh,Business Plan,1499,success
TX00304,2026-05-10,Vivek Rao,Starter Plan,1499,success
TX00305,2026-01-15,Arjun Mehta,Business Plan,1499,success
TX00306,2026-08-07,Meera Iyer,Starter Plan,4999,success
TX00307,2026-07-22,Neha Gupta,Starter Plan,9999,failed
TX00308,2026-06-16,Aditya Verma,Pro Plan,2499,success
TX00309,2026-02-08,Neha Gupta,Starter Plan,9999,success
TX00310,2026-08-03,Varun Shah,Business Plan,499,success
TX00311,2026-01-11,Priya Nair,Pro Plan,9999,failed
TX00312,2026-05-14,Neha Gupta,Pro Plan,2499,success
TX00313,2026-04-10,Ananya Menon,Enterprise Plan,2499,success
TX00314,2026-07-22,Arjun Mehta,Business Plan,499,success
TX00315,2026-06-23,Neha Gupta,Enterprise Plan,1499,success
TX00316,2026-06-18,Meera Iyer,Pro Plan,2499,success
TX00317,2026-02-06,Aisha Khan,Business Plan,1499,failed
TX00318,2026-06-19,Riya Thomas,Enterprise Plan,799,success
TX00319,2026-03-21,Rahul Sharma,Enterprise Plan,2499,success
TX00320,2026-06-29,Aisha Khan,Starter Plan,4999,success
TX00321,2026-04-03,Arjun Mehta,Business Plan,799,failed
TX00322,2026-07-16,Vivek Rao,Enterprise Plan,999,success
TX00323,2026-02-09,Priya Nair,Starter Plan,1499,success
TX00324,2026-05-10,Rahul Sharma,Starter Plan,2499,success
TX00325,2026-02-03,Aditya Verma,Enterprise Plan,799,success
TX00326,2026-06-27,Meera Iyer,Pro Plan,9999,success
TX00327,2026-06-23,Vivek Rao,Pro Plan,9999,success
TX00328,2026-07-11,Akash Das,Enterprise Plan,999,success
TX00329,2026-07-27,Ananya Menon,Enterprise Plan,999,success
TX00330,2026-04-23,Aditya Verma,Enterprise Plan,1499,success
TX00331,2026-05-16,Neha Gupta,Enterprise Plan,799,success
TX00332,2026-06-04,Akash Das,Pro Plan,1499,success
TX00333,2026-08-12,Karan Singh,Business Plan,499,success
TX00334,2026-08-06,Neha Gupta,Starter Plan,1499,success
TX00335,2026-03-11,Priya Nair,Enterprise Plan,799,success
TX00336,2026-08-22,Rahul Sharma,Pro Plan,9999,success
TX00337,2026-01-07,Varun Shah,Enterprise Plan,299,success
TX00338,2026-03-02,Vivek Rao,Enterprise Plan,499,success
TX00339,2026-03-23,Arjun Mehta,Starter Plan,2499,success
TX00340,2026-01-10,Priya Nair,Business Plan,9999,success
TX00341,2026-07-14,Priya Nair,Enterprise Plan,9999,success
TX00342,2026-01-21,Varun Shah,Starter Plan,1499,success
TX00343,2026-05-21,Priya Nair,Enterprise Plan,499,success
TX00344,2026-03-19,Rohan Kumar,Starter Plan,299,success
TX00345,2026-07-23,Aisha Khan,Enterprise Plan,499,success
TX00346,2026-05-08,Varun Shah,Starter Plan,999,success
TX00347,2026-04-20,Ananya Menon,Starter Plan,2499,success
TX00348,2026-02-17,Sneha Patel,Starter Plan,2499,success
TX00349,2026-05-20,Neha Gupta,Starter Plan,4999,success
TX00350,2026-06-12,Arjun Mehta,Enterprise Plan,2499,success
TX00351,2026-04-02,Arjun Mehta,Starter Plan,2499,success
TX00352,2026-06-10,Aisha Khan,Starter Plan,2499,success
TX00353,2026-05-20,Vivek Rao,Business Plan,799,success
TX00354,2026-04-29,Aisha Khan,Enterprise Plan,799,success
TX00355,2026-07-03,Rahul Sharma,Enterprise Plan,299,success
TX00356,2026-07-22,Arjun Mehta,Pro Plan,299,success
TX00357,2026-05-12,Ananya Menon,Enterprise Plan,9999,success
TX00358,2026-06-15,Akash Das,Pro Plan,1499,success
TX00359,2026-01-13,Akash Das,Business Plan,1499,success
TX00360,2026-04-22,Vivek Rao,Enterprise Plan,9999,success
TX00361,2026-03-28,Sneha Patel,Pro Plan,9999,success
TX00362,2026-08-25,Vivek Rao,Business Plan,499,success
TX00363,2026-04-21,Rahul Sharma,Pro Plan,1499,success
TX00364,2026-03-25,Rahul Sharma,Business Plan,1499,success
TX00365,2026-04-20,Riya Thomas,Pro Plan,9999,success
TX00366,2026-07-06,Arjun Mehta,Business Plan,4999,success
TX00367,2026-01-15,Akash Das,Starter Plan,4999,success
TX00368,2026-07-11,Akash Das,Pro Plan,299,success
TX00369,2026-06-23,Aditya Verma,Enterprise Plan,299,success
TX00370,2026-07-19,Rohan Kumar,Business Plan,2499,success
TX00371,2026-01-09,Aditya Verma,Pro Plan,9999,failed
TX00372,2026-04-24,Vivek Rao,Starter Plan,799,success
TX00373,2026-03-22,Sneha Patel,Business Plan,999,failed
TX00374,2026-07-08,Arjun Mehta,Pro Plan,9999,success
TX00375,2026-05-24,Varun Shah,Starter Plan,1499,success
TX00376,2026-04-25,Riya Thomas,Pro Plan,1499,success
TX00377,2026-02-21,Karan Singh,Starter Plan,799,success
TX00378,2026-02-14,Karan Singh,Enterprise Plan,499,success
TX00379,2026-03-23,Meera Iyer,Business Plan,499,success
TX00380,2026-08-17,Ananya Menon,Business Plan,799,success
TX00381,2026-06-29,Varun Shah,Pro Plan,2499,success
TX00382,2026-02-21,Rahul Sharma,Pro Plan,999,success
TX00383,2026-04-03,Arjun Mehta,Business Plan,9999,success
TX00384,2026-02-03,Neha Gupta,Starter Plan,499,success
TX00385,2026-07-04,Riya Thomas,Enterprise Plan,4999,success
TX00386,2026-05-28,Meera Iyer,Starter Plan,799,failed
TX00387,2026-01-19,Aisha Khan,Enterprise Plan,9999,success
TX00388,2026-02-02,Vivek Rao,Pro Plan,799,success
TX00389,2026-08-11,Varun Shah,Starter Plan,499,success
TX00390,2026-02-12,Ananya Menon,Pro Plan,2499,failed
TX00391,2026-03-30,Rohan Kumar,Business Plan,499,success
TX00392,2026-05-22,Aisha Khan,Business Plan,799,success
TX00393,2026-05-17,Aditya Verma,Starter Plan,799,success
TX00394,2026-02-09,Aditya Verma,Pro Plan,2499,success
TX00395,2026-01-11,Aditya Verma,Starter Plan,499,success
TX00396,2026-07-17,Aisha Khan,Business Plan,999,success
TX00397,2026-06-08,Sneha Patel,Starter Plan,9999,success
TX00398,2026-03-16,Neha Gupta,Business Plan,9999,success
TX00399,2026-06-25,Akash Das,Enterprise Plan,1499,success
TX00400,2026-01-16,Riya Thomas,Pro Plan,9999,success
TX00401,2026-02-22,Karan Singh,Business Plan,799,success
TX00402,2026-03-23,Riya Thomas,Business Plan,4999,success
TX00403,2026-05-12,Vivek Rao,Starter Plan,2499,success
TX00404,2026-03-10,Rahul Sharma,Enterprise Plan,999,success
TX00405,2026-03-16,Arjun Mehta,Enterprise Plan,4999,success
TX00406,2026-08-19,Meera Iyer,Pro Plan,2499,failed
TX00407,2026-03-22,Riya Thomas,Pro Plan,799,success
TX00408,2026-04-30,Neha Gupta,Enterprise Plan,1499,success
TX00409,2026-04-11,Rahul Sharma,Enterprise Plan,999,success
TX00410,2026-01-13,Vivek Rao,Starter Plan,1499,success
TX00411,2026-08-04,Varun Shah,Enterprise Plan,1499,success
TX00412,2026-01-28,Meera Iyer,Enterprise Plan,799,success
TX00413,2026-04-04,Riya Thomas,Enterprise Plan,2499,success
TX00414,2026-05-26,Arjun Mehta,Pro Plan,2499,success
TX00415,2026-04-09,Rahul Sharma,Enterprise Plan,1499,success
TX00416,2026-06-24,Aditya Verma,Starter Plan,799,failed
TX00417,2026-04-06,Sneha Patel,Business Plan,2499,success
TX00418,2026-06-04,Rohan Kumar,Enterprise Plan,299,success
TX00419,2026-07-02,Priya Nair,Business Plan,9999,success
TX00420,2026-06-05,Priya Nair,Pro Plan,2499,failed
TX00421,2026-02-11,Vivek Rao,Enterprise Plan,1499,success
TX00422,2026-08-01,Neha Gupta,Enterprise Plan,1499,success
TX00423,2026-04-05,Arjun Mehta,Business Plan,499,failed
TX00424,2026-03-20,Aditya Verma,Starter Plan,9999,success
TX00425,2026-07-20,Aisha Khan,Pro Plan,299,success
TX00426,2026-05-15,Priya Nair,Enterprise Plan,799,success
TX00427,2026-01-09,Rohan Kumar,Starter Plan,999,success
TX00428,2026-04-18,Vivek Rao,Pro Plan,4999,success
TX00429,2026-05-09,Sneha Patel,Enterprise Plan,299,success
TX00430,2026-02-23,Neha Gupta,Business Plan,9999,success
TX00431,2026-02-14,Vivek Rao,Enterprise Plan,2499,success
TX00432,2026-07-17,Aisha Khan,Business Plan,9999,success
TX00433,2026-03-13,Rohan Kumar,Business Plan,999,failed
TX00434,2026-07-17,Ananya Menon,Business Plan,999,success
TX00435,2026-03-23,Karan Singh,Enterprise Plan,2499,success
TX00436,2026-07-23,Varun Shah,Business Plan,1499,success
TX00437,2026-05-20,Aisha Khan,Enterprise Plan,4999,success
TX00438,2026-07-25,Akash Das,Pro Plan,1499,success
TX00439,2026-01-21,Riya Thomas,Business Plan,9999,success
TX00440,2026-05-03,Riya Thomas,Pro Plan,999,success
TX00441,2026-08-27,Ananya Menon,Business Plan,799,success
TX00442,2026-05-31,Riya Thomas,Pro Plan,999,success
TX00443,2026-05-16,Varun Shah,Pro Plan,999,success
TX00444,2026-03-26,Sneha Patel,Enterprise Plan,499,success
TX00445,2026-01-02,Priya Nair,Pro Plan,4999,success
TX00446,2026-08-13,Varun Shah,Enterprise Plan,9999,success
TX00447,2026-03-15,Akash Das,Business Plan,1499,success
TX00448,2026-07-16,Varun Shah,Starter Plan,999,success
TX00449,2026-08-06,Riya Thomas,Starter Plan,799,success
TX00450,2026-02-15,Meera Iyer,Starter Plan,4999,success
TX00451,2026-08-28,Priya Nair,Business Plan,299,success
TX00452,2026-06-04,Aditya Verma,Starter Plan,2499,success
TX00453,2026-05-20,Aisha Khan,Enterprise Plan,799,success
TX00454,2026-03-11,Karan Singh,Pro Plan,499,success
TX00455,2026-04-28,Riya Thomas,Business Plan,799,success
TX00456,2026-07-22,Vivek Rao,Business Plan,999,success
TX00457,2026-06-13,Meera Iyer,Enterprise Plan,4999,success
TX00458,2026-04-13,Rahul Sharma,Starter Plan,799,failed
TX00459,2026-03-24,Karan Singh,Pro Plan,299,success
TX00460,2026-04-25,Rohan Kumar,Business Plan,2499,success
TX00461,2026-05-27,Riya Thomas,Starter Plan,1499,success
TX00462,2026-03-02,Riya Thomas,Starter Plan,499,success
TX00463,2026-04-14,Priya Nair,Business Plan,499,success
TX00464,2026-04-05,Ananya Menon,Pro Plan,999,failed
TX00465,2026-02-09,Karan Singh,Enterprise Plan,2499,success
TX00466,2026-08-22,Neha Gupta,Enterprise Plan,999,success
TX00467,2026-07-13,Aisha Khan,Starter Plan,9999,success
TX00468,2026-01-20,Vivek Rao,Starter Plan,299,success
TX00469,2026-05-10,Varun Shah,Pro Plan,799,success
TX00470,2026-05-14,Meera Iyer,Enterprise Plan,499,success
TX00471,2026-05-30,Riya Thomas,Enterprise Plan,499,success
TX00472,2026-07-27,Karan Singh,Starter Plan,9999,success
TX00473,2026-04-27,Sneha Patel,Starter Plan,9999,success
TX00474,2026-07-05,Ananya Menon,Starter Plan,4999,success
TX00475,2026-07-10,Arjun Mehta,Pro Plan,499,success
TX00476,2026-06-29,Vivek Rao,Starter Plan,299,failed
TX00477,2026-08-28,Rahul Sharma,Enterprise Plan,299,success
TX00478,2026-07-16,Priya Nair,Pro Plan,4999,success
TX00479,2026-04-08,Varun Shah,Enterprise Plan,4999,success
TX00480,2026-06-19,Aisha Khan,Pro Plan,2499,success
TX00481,2026-04-11,Neha Gupta,Pro Plan,999,success
TX00482,2026-01-06,Akash Das,Business Plan,9999,success
TX00483,2026-04-19,Neha Gupta,Enterprise Plan,999,success
TX00484,2026-02-09,Vivek Rao,Business Plan,999,failed
TX00485,2026-07-15,Riya Thomas,Starter Plan,299,success
TX00486,2026-06-07,Sneha Patel,Starter Plan,999,success
TX00487,2026-06-02,Rahul Sharma,Starter Plan,9999,success
TX00488,2026-08-12,Riya Thomas,Starter Plan,999,success
TX00489,2026-04-23,Sneha Patel,Pro Plan,999,success
TX00490,2026-01-15,Akash Das,Pro Plan,1499,success
TX00491,2026-07-07,Varun Shah,Business Plan,2499,success
TX00492,2026-02-06,Varun Shah,Pro Plan,4999,success
TX00493,2026-05-23,Arjun Mehta,Pro Plan,4999,success
TX00494,2026-03-30,Arjun Mehta,Enterprise Plan,2499,success
TX00495,2026-02-08,Sneha Patel,Business Plan,4999,success
TX00496,2026-05-02,Neha Gupta,Pro Plan,999,success
TX00497,2026-02-06,Riya Thomas,Enterprise Plan,299,success
TX00498,2026-05-23,Sneha Patel,Pro Plan,4999,success
TX00499,2026-03-26,Rohan Kumar,Starter Plan,9999,success
TX00500,2026-05-18,Rahul Sharma,Pro Plan,299,success
TX00501,2026-06-04,Aisha Khan,Starter Plan,499,success
TX00502,2026-05-31,Akash Das,Pro Plan,9999,success
TX00503,2026-03-27,Varun Shah,Business Plan,299,success
TX00504,2026-07-09,Rohan Kumar,Starter Plan,9999,failed
TX00505,2026-06-04,Riya Thomas,Pro Plan,4999,failed
TX00506,2026-03-24,Neha Gupta,Business Plan,4999,success
TX00507,2026-04-02,Aisha Khan,Business Plan,1499,success
TX00508,2026-05-08,Varun Shah,Enterprise Plan,499,success
TX00509,2026-05-01,Riya Thomas,Business Plan,999,success
TX00510,2026-01-12,Sneha Patel,Pro Plan,799,success
TX00511,2026-08-28,Neha Gupta,Enterprise Plan,1499,success
TX00512,2026-02-28,Vivek Rao,Enterprise Plan,999,success
TX00513,2026-06-25,Aisha Khan,Business Plan,1499,success
TX00514,2026-07-05,Karan Singh,Enterprise Plan,9999,success
TX00515,2026-04-01,Akash Das,Pro Plan,799,success
TX00516,2026-02-17,Karan Singh,Starter Plan,299,success
TX00517,2026-07-29,Rahul Sharma,Starter Plan,299,success
TX00518,2026-06-11,Meera Iyer,Pro Plan,499,success
TX00519,2026-02-25,Arjun Mehta,Enterprise Plan,2499,success
TX00520,2026-06-20,Aisha Khan,Enterprise Plan,9999,success
TX00521,2026-05-22,Neha Gupta,Enterprise Plan,299,success
TX00522,2026-03-12,Riya Thomas,Business Plan,299,success
TX00523,2026-06-22,Riya Thomas,Enterprise Plan,799,success
TX00524,2026-05-15,Rahul Sharma,Pro Plan,999,success
TX00525,2026-03-06,Neha Gupta,Business Plan,1499,success
TX00526,2026-04-06,Rahul Sharma,Enterprise Plan,9999,success
TX00527,2026-02-27,Riya Thomas,Business Plan,499,success
TX00528,2026-06-16,Meera Iyer,Starter Plan,499,success
TX00529,2026-05-22,Sneha Patel,Enterprise Plan,299,success
TX00530,2026-02-13,Riya Thomas,Starter Plan,9999,success
TX00531,2026-07-20,Aisha Khan,Business Plan,499,success
TX00532,2026-01-11,Varun Shah,Pro Plan,999,failed
TX00533,2026-08-16,Riya Thomas,Enterprise Plan,1499,success
TX00534,2026-06-25,Rahul Sharma,Business Plan,299,success
TX00535,2026-03-22,Meera Iyer,Starter Plan,999,success
TX00536,2026-07-30,Akash Das,Enterprise Plan,499,success
TX00537,2026-03-03,Aditya Verma,Enterprise Plan,2499,success
TX00538,2026-02-05,Riya Thomas,Starter Plan,2499,success
TX00539,2026-03-01,Sneha Patel,Starter Plan,2499,success
TX00540,2026-06-02,Aditya Verma,Enterprise Plan,2499,success
TX00541,2026-07-20,Ananya Menon,Enterprise Plan,9999,success
TX00542,2026-08-29,Neha Gupta,Enterprise Plan,4999,success
TX00543,2026-06-19,Aditya Verma,Enterprise Plan,499,success
TX00544,2026-07-24,Ananya Menon,Pro Plan,499,success
TX00545,2026-04-08,Priya Nair,Pro Plan,4999,success
TX00546,2026-01-24,Rahul Sharma,Starter Plan,1499,success
TX00547,2026-03-11,Akash Das,Starter Plan,799,success
TX00548,2026-04-25,Sneha Patel,Enterprise Plan,499,success
TX00549,2026-05-22,Vivek Rao,Starter Plan,2499,success
TX00550,2026-03-16,Arjun Mehta,Enterprise Plan,4999,success
TX00551,2026-08-19,Riya Thomas,Pro Plan,799,success
TX00552,2026-02-05,Priya Nair,Business Plan,1499,success
TX00553,2026-01-17,Priya Nair,Pro Plan,4999,success
TX00554,2026-05-04,Ananya Menon,Starter Plan,2499,success
TX00555,2026-07-04,Rohan Kumar,Enterprise Plan,999,success
TX00556,2026-03-19,Priya Nair,Starter Plan,4999,success
TX00557,2026-04-08,Aditya Verma,Business Plan,9999,success
TX00558,2026-07-30,Meera Iyer,Pro Plan,1499,success
TX00559,2026-02-21,Riya Thomas,Enterprise Plan,2499,success
TX00560,2026-03-23,Sneha Patel,Business Plan,9999,failed
TX00561,2026-03-04,Akash Das,Business Plan,4999,success
TX00562,2026-04-11,Akash Das,Business Plan,499,failed
TX00563,2026-06-01,Rohan Kumar,Pro Plan,299,failed
TX00564,2026-07-01,Karan Singh,Pro Plan,9999,success
TX00565,2026-06-27,Meera Iyer,Starter Plan,4999,success
TX00566,2026-06-12,Priya Nair,Business Plan,999,success
TX00567,2026-07-03,Priya Nair,Enterprise Plan,4999,success
TX00568,2026-05-03,Aditya Verma,Enterprise Plan,4999,success
TX00569,2026-04-03,Akash Das,Starter Plan,499,success
TX00570,2026-06-20,Aisha Khan,Business Plan,799,success
TX00571,2026-05-25,Arjun Mehta,Enterprise Plan,2499,failed
TX00572,2026-01-28,Sneha Patel,Starter Plan,499,success
TX00573,2026-07-11,Neha Gupta,Pro Plan,9999,success
TX00574,2026-07-17,Karan Singh,Pro Plan,2499,failed
TX00575,2026-01-27,Karan Singh,Business Plan,4999,failed
TX00576,2026-01-30,Rahul Sharma,Pro Plan,2499,success
TX00577,2026-07-20,Karan Singh,Pro Plan,9999,success
TX00578,2026-04-23,Rahul Sharma,Enterprise Plan,2499,success
TX00579,2026-07-27,Arjun Mehta,Starter Plan,299,success
TX00580,2026-01-28,Aisha Khan,Pro Plan,999,success
TX00581,2026-02-10,Neha Gupta,Business Plan,4999,failed
TX00582,2026-07-24,Rohan Kumar,Enterprise Plan,799,success
TX00583,2026-04-21,Aisha Khan,Enterprise Plan,299,success
TX00584,2026-02-20,Varun Shah,Enterprise Plan,4999,success
TX00585,2026-02-24,Riya Thomas,Pro Plan,1499,success
TX00586,2026-07-23,Akash Das,Starter Plan,499,success
TX00587,2026-02-17,Neha Gupta,Business Plan,2499,success
TX00588,2026-03-09,Rahul Sharma,Enterprise Plan,2499,success
TX00589,2026-04-11,Aditya Verma,Starter Plan,2499,success
TX00590,2026-06-08,Karan Singh,Pro Plan,1499,failed
TX00591,2026-01-22,Aditya Verma,Pro Plan,2499,success
TX00592,2026-01-30,Ananya Menon,Pro Plan,2499,success
TX00593,2026-04-10,Neha Gupta,Enterprise Plan,799,success
TX00594,2026-02-17,Sneha Patel,Enterprise Plan,799,success
TX00595,2026-03-15,Karan Singh,Pro Plan,799,success
TX00596,2026-06-08,Karan Singh,Starter Plan,2499,failed
TX00597,2026-02-04,Karan Singh,Pro Plan,4999,failed
TX00598,2026-06-17,Neha Gupta,Enterprise Plan,4999,success
TX00599,2026-07-01,Sneha Patel,Enterprise Plan,9999,success
TX00600,2026-01-08,Aditya Verma,Pro Plan,1499,success
TX00601,2026-05-18,Rohan Kumar,Business Plan,799,success
TX00602,2026-07-10,Aditya Verma,Enterprise Plan,499,success
TX00603,2026-07-18,Ananya Menon,Business Plan,299,success
TX00604,2026-05-20,Karan Singh,Pro Plan,4999,success
TX00605,2026-06-17,Meera Iyer,Pro Plan,1499,success
TX00606,2026-04-26,Arjun Mehta,Business Plan,2499,success
TX00607,2026-04-23,Rahul Sharma,Starter Plan,999,success
TX00608,2026-05-31,Riya Thomas,Business Plan,4999,success
TX00609,2026-07-20,Priya Nair,Pro Plan,999,success
TX00610,2026-03-31,Aditya Verma,Business Plan,799,success
TX00611,2026-03-16,Riya Thomas,Business Plan,1499,failed
TX00612,2026-08-19,Neha Gupta,Starter Plan,799,failed
TX00613,2026-04-16,Akash Das,Starter Plan,1499,success
TX00614,2026-06-29,Priya Nair,Pro Plan,999,success
TX00615,2026-08-01,Vivek Rao,Pro Plan,4999,success
TX00616,2026-06-11,Aditya Verma,Business Plan,4999,success
TX00617,2026-06-12,Rahul Sharma,Starter Plan,4999,success
TX00618,2026-06-27,Ananya Menon,Business Plan,9999,failed
TX00619,2026-05-29,Vivek Rao,Starter Plan,499,success
TX00620,2026-06-12,Karan Singh,Business Plan,499,success
TX00621,2026-02-25,Sneha Patel,Enterprise Plan,999,success
TX00622,2026-08-01,Vivek Rao,Business Plan,2499,success
TX00623,2026-05-25,Priya Nair,Enterprise Plan,2499,success
TX00624,2026-01-13,Akash Das,Starter Plan,499,success
TX00625,2026-04-28,Meera Iyer,Starter Plan,499,failed
TX00626,2026-04-23,Priya Nair,Enterprise Plan,299,failed
TX00627,2026-02-21,Sneha Patel,Pro Plan,1499,success
TX00628,2026-08-13,Varun Shah,Business Plan,499,success
TX00629,2026-01-22,Ananya Menon,Business Plan,799,success
TX00630,2026-03-20,Aisha Khan,Pro Plan,4999,success
TX00631,2026-01-25,Riya Thomas,Starter Plan,999,success
TX00632,2026-06-01,Priya Nair,Pro Plan,9999,success
TX00633,2026-03-29,Riya Thomas,Starter Plan,4999,success
TX00634,2026-01-19,Karan Singh,Pro Plan,4999,success
TX00635,2026-01-27,Akash Das,Starter Plan,2499,success
TX00636,2026-02-05,Ananya Menon,Enterprise Plan,799,success
TX00637,2026-02-06,Aisha Khan,Starter Plan,299,success
TX00638,2026-04-23,Priya Nair,Business Plan,999,success
TX00639,2026-08-24,Priya Nair,Enterprise Plan,9999,success
TX00640,2026-08-18,Rahul Sharma,Starter Plan,799,success
TX00641,2026-07-06,Aditya Verma,Enterprise Plan,2499,failed
TX00642,2026-07-22,Vivek Rao,Pro Plan,999,success
TX00643,2026-03-05,Rahul Sharma,Business Plan,299,success
TX00644,2026-08-13,Aisha Khan,Business Plan,999,success
TX00645,2026-02-18,Neha Gupta,Enterprise Plan,1499,success
TX00646,2026-08-18,Akash Das,Pro Plan,9999,success
TX00647,2026-05-08,Rohan Kumar,Starter Plan,299,failed
TX00648,2026-03-23,Varun Shah,Pro Plan,4999,success
TX00649,2026-04-18,Aditya Verma,Business Plan,799,success
TX00650,2026-01-19,Akash Das,Starter Plan,499,success
TX00651,2026-01-11,Rohan Kumar,Starter Plan,4999,success
TX00652,2026-07-02,Aisha Khan,Enterprise Plan,4999,success
TX00653,2026-06-13,Rahul Sharma,Pro Plan,1499,success
TX00654,2026-05-11,Rahul Sharma,Pro Plan,799,success
TX00655,2026-05-31,Sneha Patel,Starter Plan,1499,success
TX00656,2026-08-05,Riya Thomas,Pro Plan,299,success
TX00657,2026-04-22,Varun Shah,Starter Plan,9999,success
TX00658,2026-03-21,Arjun Mehta,Pro Plan,499,success
TX00659,2026-06-29,Priya Nair,Starter Plan,799,success
TX00660,2026-05-14,Vivek Rao,Business Plan,799,success
TX00661,2026-07-19,Riya Thomas,Business Plan,499,success
TX00662,2026-03-27,Arjun Mehta,Enterprise Plan,1499,success
TX00663,2026-07-02,Ananya Menon,Starter Plan,9999,success
TX00664,2026-01-15,Vivek Rao,Enterprise Plan,799,success
TX00665,2026-07-17,Ananya Menon,Starter Plan,499,success
TX00666,2026-01-01,Neha Gupta,Starter Plan,299,success
TX00667,2026-04-04,Karan Singh,Enterprise Plan,799,success
TX00668,2026-01-10,Meera Iyer,Enterprise Plan,999,success
TX00669,2026-08-23,Sneha Patel,Business Plan,1499,success
TX00670,2026-04-06,Aditya Verma,Starter Plan,299,success
TX00671,2026-05-13,Akash Das,Starter Plan,4999,success
TX00672,2026-08-10,Karan Singh,Business Plan,1499,success
TX00673,2026-04-27,Neha Gupta,Starter Plan,2499,success
TX00674,2026-07-20,Aditya Verma,Business Plan,999,success
TX00675,2026-05-07,Aditya Verma,Pro Plan,999,success
TX00676,2026-04-15,Varun Shah,Starter Plan,999,success
TX00677,2026-08-03,Aisha Khan,Starter Plan,2499,success
TX00678,2026-04-07,Aisha Khan,Business Plan,499,success
TX00679,2026-04-18,Rohan Kumar,Enterprise Plan,299,failed
TX00680,2026-07-02,Priya Nair,Business Plan,499,success
TX00681,2026-08-18,Rohan Kumar,Enterprise Plan,2499,success
TX00682,2026-01-22,Riya Thomas,Starter Plan,799,success
TX00683,2026-01-20,Sneha Patel,Starter Plan,4999,success
TX00684,2026-03-02,Priya Nair,Business Plan,1499,success
TX00685,2026-07-25,Varun Shah,Enterprise Plan,2499,success
TX00686,2026-03-01,Ananya Menon,Starter Plan,999,success
TX00687,2026-05-30,Akash Das,Starter Plan,799,success
TX00688,2026-04-30,Karan Singh,Business Plan,4999,success
TX00689,2026-07-17,Vivek Rao,Pro Plan,9999,success
TX00690,2026-08-07,Ananya Menon,Starter Plan,499,success
TX00691,2026-03-19,Aisha Khan,Starter Plan,999,success
TX00692,2026-02-07,Vivek Rao,Starter Plan,999,failed
TX00693,2026-05-12,Sneha Patel,Starter Plan,1499,success
TX00694,2026-01-08,Priya Nair,Enterprise Plan,9999,success
TX00695,2026-03-05,Neha Gupta,Starter Plan,9999,success
TX00696,2026-02-05,Akash Das,Starter Plan,299,success
TX00697,2026-02-26,Akash Das,Pro Plan,999,success
TX00698,2026-06-25,Vivek Rao,Starter Plan,1499,failed
TX00699,2026-01-06,Rahul Sharma,Starter Plan,999,failed
TX00700,2026-07-27,Karan Singh,Pro Plan,499,failed
TX00701,2026-07-27,Meera Iyer,Business Plan,499,success
TX00702,2026-01-13,Karan Singh,Pro Plan,4999,success
TX00703,2026-05-08,Sneha Patel,Starter Plan,4999,success
TX00704,2026-04-01,Priya Nair,Pro Plan,799,success
TX00705,2026-08-15,Karan Singh,Pro Plan,299,success
TX00706,2026-03-04,Aditya Verma,Business Plan,9999,success
TX00707,2026-05-03,Neha Gupta,Starter Plan,499,success
TX00708,2026-04-18,Priya Nair,Pro Plan,999,success
TX00709,2026-05-20,Akash Das,Starter Plan,4999,success
TX00710,2026-05-03,Vivek Rao,Enterprise Plan,2499,failed
TX00711,2026-03-24,Neha Gupta,Enterprise Plan,1499,success
TX00712,2026-06-02,Vivek Rao,Pro Plan,299,success
TX00713,2026-03-13,Akash Das,Starter Plan,9999,success
TX00714,2026-05-30,Akash Das,Pro Plan,799,success
TX00715,2026-03-03,Aisha Khan,Business Plan,299,success
TX00716,2026-05-28,Rohan Kumar,Enterprise Plan,2499,failed
TX00717,2026-02-14,Meera Iyer,Pro Plan,999,success
TX00718,2026-07-08,Akash Das,Business Plan,299,success
TX00719,2026-05-26,Vivek Rao,Pro Plan,999,success
TX00720,2026-08-14,Akash Das,Enterprise Plan,1499,success
TX00721,2026-01-24,Arjun Mehta,Starter Plan,999,success
TX00722,2026-05-15,Arjun Mehta,Enterprise Plan,299,success
TX00723,2026-02-21,Aditya Verma,Pro Plan,2499,success
TX00724,2026-07-25,Varun Shah,Business Plan,299,success
TX00725,2026-06-30,Aditya Verma,Pro Plan,499,success
TX00726,2026-04-04,Meera Iyer,Starter Plan,2499,success
TX00727,2026-04-12,Aisha Khan,Starter Plan,2499,success
TX00728,2026-02-10,Priya Nair,Enterprise Plan,9999,success
TX00729,2026-07-01,Priya Nair,Business Plan,999,success
TX00730,2026-02-14,Meera Iyer,Enterprise Plan,1499,success
TX00731,2026-02-02,Ananya Menon,Pro Plan,299,failed
TX00732,2026-04-11,Aditya Verma,Starter Plan,799,success
TX00733,2026-07-27,Varun Shah,Pro Plan,499,failed
TX00734,2026-03-26,Priya Nair,Starter Plan,999,success
TX00735,2026-02-12,Vivek Rao,Starter Plan,2499,success
TX00736,2026-02-23,Ananya Menon,Pro Plan,499,success
TX00737,2026-01-28,Akash Das,Starter Plan,299,success
TX00738,2026-04-18,Riya Thomas,Pro Plan,4999,success
TX00739,2026-03-31,Sneha Patel,Enterprise Plan,499,success
TX00740,2026-08-10,Akash Das,Pro Plan,799,success
TX00741,2026-08-05,Akash Das,Starter Plan,1499,success
TX00742,2026-01-27,Ananya Menon,Starter Plan,2499,success
TX00743,2026-02-11,Sneha Patel,Starter Plan,499,success
TX00744,2026-08-17,Aditya Verma,Enterprise Plan,299,success
TX00745,2026-02-12,Aisha Khan,Enterprise Plan,799,success
TX00746,2026-02-22,Vivek Rao,Pro Plan,4999,success
TX00747,2026-08-25,Riya Thomas,Business Plan,1499,success
TX00748,2026-01-13,Rahul Sharma,Enterprise Plan,9999,success
TX00749,2026-01-01,Vivek Rao,Enterprise Plan,499,success
TX00750,2026-06-10,Aisha Khan,Enterprise Plan,999,success
TX00751,2026-02-13,Rohan Kumar,Business Plan,499,success
TX00752,2026-03-20,Rahul Sharma,Enterprise Plan,9999,success
TX00753,2026-03-09,Aisha Khan,Starter Plan,4999,success
TX00754,2026-04-08,Varun Shah,Business Plan,799,success
TX00755,2026-04-23,Ananya Menon,Enterprise Plan,1499,success
TX00756,2026-05-25,Ananya Menon,Starter Plan,799,success
TX00757,2026-01-25,Aisha Khan,Starter Plan,2499,success
TX00758,2026-07-13,Sneha Patel,Pro Plan,299,success
TX00759,2026-05-14,Meera Iyer,Enterprise Plan,9999,success
TX00760,2026-05-02,Rohan Kumar,Business Plan,499,success
TX00761,2026-07-02,Meera Iyer,Starter Plan,799,success
TX00762,2026-04-25,Akash Das,Pro Plan,799,failed
TX00763,2026-02-19,Akash Das,Pro Plan,299,success
TX00764,2026-04-22,Aisha Khan,Pro Plan,799,success
TX00765,2026-03-23,Ananya Menon,Starter Plan,499,success
TX00766,2026-05-22,Sneha Patel,Business Plan,1499,success
TX00767,2026-08-12,Varun Shah,Starter Plan,4999,success
TX00768,2026-02-07,Priya Nair,Starter Plan,499,success
TX00769,2026-07-21,Rahul Sharma,Business Plan,2499,success
TX00770,2026-04-09,Ananya Menon,Enterprise Plan,9999,success
TX00771,2026-04-14,Ananya Menon,Pro Plan,4999,success
TX00772,2026-08-14,Varun Shah,Business Plan,999,success
TX00773,2026-08-24,Karan Singh,Business Plan,2499,success
TX00774,2026-07-23,Meera Iyer,Business Plan,1499,success
TX00775,2026-08-08,Karan Singh,Starter Plan,999,success
TX00776,2026-04-24,Riya Thomas,Business Plan,1499,success
TX00777,2026-06-15,Aditya Verma,Starter Plan,999,success
TX00778,2026-07-30,Varun Shah,Enterprise Plan,9999,success
TX00779,2026-04-06,Meera Iyer,Starter Plan,799,success
TX00780,2026-05-10,Riya Thomas,Enterprise Plan,799,success
TX00781,2026-08-14,Neha Gupta,Starter Plan,799,success
TX00782,2026-02-21,Meera Iyer,Starter Plan,999,success
TX00783,2026-08-24,Arjun Mehta,Business Plan,999,success
TX00784,2026-04-29,Meera Iyer,Enterprise Plan,499,success
TX00785,2026-04-06,Rohan Kumar,Enterprise Plan,9999,success
TX00786,2026-05-02,Meera Iyer,Business Plan,2499,success
TX00787,2026-03-08,Varun Shah,Starter Plan,1499,success
TX00788,2026-02-11,Arjun Mehta,Pro Plan,999,success
TX00789,2026-02-22,Aisha Khan,Business Plan,4999,success
TX00790,2026-07-19,Meera Iyer,Starter Plan,9999,failed
TX00791,2026-02-14,Aisha Khan,Starter Plan,999,success
TX00792,2026-03-20,Akash Das,Business Plan,4999,success
TX00793,2026-03-31,Meera Iyer,Enterprise Plan,1499,success
TX00794,2026-06-23,Ananya Menon,Enterprise Plan,499,success
TX00795,2026-08-04,Aisha Khan,Business Plan,1499,success
TX00796,2026-05-04,Rahul Sharma,Starter Plan,2499,failed
TX00797,2026-03-25,Aisha Khan,Business Plan,1499,success
TX00798,2026-06-16,Varun Shah,Business Plan,999,success
TX00799,2026-03-03,Akash Das,Starter Plan,4999,success
TX00800,2026-02-05,Aisha Khan,Starter Plan,9999,failed
TX00801,2026-08-21,Ananya Menon,Enterprise Plan,4999,success
TX00802,2026-05-30,Arjun Mehta,Pro Plan,2499,success
TX00803,2026-06-25,Rohan Kumar,Enterprise Plan,2499,success
TX00804,2026-02-13,Meera Iyer,Pro Plan,1499,success
TX00805,2026-07-09,Priya Nair,Business Plan,799,failed
TX00806,2026-03-27,Varun Shah,Starter Plan,999,success
TX00807,2026-08-12,Riya Thomas,Business Plan,4999,success
TX00808,2026-04-06,Vivek Rao,Business Plan,1499,success
TX00809,2026-05-01,Rahul Sharma,Starter Plan,499,success
TX00810,2026-05-09,Rohan Kumar,Starter Plan,4999,success
TX00811,2026-01-14,Sneha Patel,Pro Plan,799,failed
TX00812,2026-04-15,Vivek Rao,Enterprise Plan,799,success
TX00813,2026-02-16,Riya Thomas,Starter Plan,9999,success
TX00814,2026-03-22,Priya Nair,Starter Plan,299,success
TX00815,2026-07-14,Rohan Kumar,Pro Plan,799,success
TX00816,2026-07-19,Akash Das,Starter Plan,799,success
TX00817,2026-04-20,Aisha Khan,Enterprise Plan,4999,failed
TX00818,2026-01-02,Sneha Patel,Starter Plan,999,success
TX00819,2026-08-17,Arjun Mehta,Business Plan,999,success
TX00820,2026-06-10,Arjun Mehta,Pro Plan,999,success
TX00821,2026-03-21,Vivek Rao,Pro Plan,499,success
TX00822,2026-03-20,Aditya Verma,Pro Plan,499,success
TX00823,2026-03-16,Ananya Menon,Enterprise Plan,2499,success
TX00824,2026-02-04,Aisha Khan,Business Plan,9999,success
TX00825,2026-02-12,Rohan Kumar,Enterprise Plan,299,success
TX00826,2026-02-03,Riya Thomas,Pro Plan,299,success
TX00827,2026-02-01,Priya Nair,Business Plan,299,success
TX00828,2026-03-07,Aisha Khan,Starter Plan,299,success
TX00829,2026-08-03,Aisha Khan,Starter Plan,299,success
TX00830,2026-04-24,Sneha Patel,Enterprise Plan,499,success
TX00831,2026-06-29,Karan Singh,Pro Plan,999,success
TX00832,2026-01-03,Aisha Khan,Business Plan,4999,success
TX00833,2026-05-14,Aisha Khan,Business Plan,799,success
TX00834,2026-01-27,Varun Shah,Starter Plan,1499,success
TX00835,2026-05-08,Rahul Sharma,Pro Plan,999,success
TX00836,2026-05-14,Meera Iyer,Pro Plan,2499,success
TX00837,2026-02-11,Ananya Menon,Starter Plan,9999,failed
TX00838,2026-08-27,Riya Thomas,Enterprise Plan,2499,success
TX00839,2026-06-21,Arjun Mehta,Starter Plan,499,success
TX00840,2026-05-07,Aisha Khan,Pro Plan,499,success
TX00841,2026-07-05,Rahul Sharma,Starter Plan,1499,success
TX00842,2026-03-17,Karan Singh,Business Plan,9999,success
TX00843,2026-02-14,Meera Iyer,Starter Plan,1499,success
TX00844,2026-03-22,Aisha Khan,Enterprise Plan,499,success
TX00845,2026-08-16,Akash Das,Starter Plan,299,success
TX00846,2026-06-15,Aisha Khan,Pro Plan,2499,success
TX00847,2026-06-09,Karan Singh,Business Plan,499,success
TX00848,2026-02-16,Vivek Rao,Starter Plan,4999,success
TX00849,2026-03-11,Karan Singh,Enterprise Plan,9999,success
TX00850,2026-08-15,Aisha Khan,Pro Plan,499,success
TX00851,2026-01-16,Riya Thomas,Pro Plan,499,success
TX00852,2026-05-04,Aditya Verma,Enterprise Plan,799,success
TX00853,2026-04-02,Akash Das,Starter Plan,799,success
TX00854,2026-01-29,Karan Singh,Enterprise Plan,9999,success
TX00855,2026-06-17,Ananya Menon,Business Plan,299,success
TX00856,2026-05-15,Aisha Khan,Pro Plan,2499,success
TX00857,2026-06-29,Riya Thomas,Starter Plan,4999,success
TX00858,2026-05-04,Rohan Kumar,Business Plan,4999,success
TX00859,2026-05-23,Meera Iyer,Starter Plan,299,success
TX00860,2026-05-10,Priya Nair,Enterprise Plan,9999,success
TX00861,2026-07-12,Rahul Sharma,Enterprise Plan,2499,success
TX00862,2026-01-13,Ananya Menon,Pro Plan,4999,success
TX00863,2026-01-21,Rohan Kumar,Enterprise Plan,9999,success
TX00864,2026-01-23,Karan Singh,Enterprise Plan,9999,success
TX00865,2026-07-10,Karan Singh,Starter Plan,499,success
TX00866,2026-05-23,Arjun Mehta,Starter Plan,499,success
TX00867,2026-06-13,Aditya Verma,Business Plan,999,success
TX00868,2026-03-29,Karan Singh,Business Plan,299,success
TX00869,2026-04-27,Meera Iyer,Business Plan,9999,success
TX00870,2026-07-03,Vivek Rao,Enterprise Plan,499,success
TX00871,2026-02-26,Aisha Khan,Starter Plan,2499,success
TX00872,2026-07-24,Aisha Khan,Business Plan,2499,success
TX00873,2026-08-18,Arjun Mehta,Pro Plan,9999,success
TX00874,2026-07-10,Riya Thomas,Enterprise Plan,499,success
TX00875,2026-02-18,Rohan Kumar,Starter Plan,4999,success
TX00876,2026-07-20,Meera Iyer,Pro Plan,2499,success
TX00877,2026-01-12,Sneha Patel,Starter Plan,9999,success
TX00878,2026-05-10,Aditya Verma,Pro Plan,9999,success
TX00879,2026-01-13,Riya Thomas,Enterprise Plan,9999,failed
TX00880,2026-08-24,Akash Das,Pro Plan,799,success
TX00881,2026-01-27,Priya Nair,Enterprise Plan,2499,success
TX00882,2026-04-18,Sneha Patel,Pro Plan,1499,success
TX00883,2026-03-17,Vivek Rao,Enterprise Plan,799,success
TX00884,2026-06-29,Aditya Verma,Business Plan,2499,success
TX00885,2026-05-22,Varun Shah,Pro Plan,999,success
TX00886,2026-03-16,Riya Thomas,Business Plan,799,failed
TX00887,2026-02-15,Aisha Khan,Business Plan,499,success
TX00888,2026-05-03,Neha Gupta,Enterprise Plan,1499,success
TX00889,2026-07-26,Sneha Patel,Starter Plan,499,success
TX00890,2026-01-14,Priya Nair,Starter Plan,999,success
TX00891,2026-02-11,Akash Das,Business Plan,1499,success
TX00892,2026-06-26,Arjun Mehta,Business Plan,999,success
TX00893,2026-04-02,Arjun Mehta,Enterprise Plan,499,success
TX00894,2026-07-09,Aisha Khan,Pro Plan,4999,success
TX00895,2026-07-23,Akash Das,Business Plan,299,failed
TX00896,2026-04-17,Sneha Patel,Business Plan,299,success
TX00897,2026-02-21,Ananya Menon,Enterprise Plan,999,failed
TX00898,2026-07-01,Riya Thomas,Business Plan,999,success
TX00899,2026-03-17,Rohan Kumar,Enterprise Plan,799,failed
TX00900,2026-02-17,Rahul Sharma,Pro Plan,499,success
TX00901,2026-03-13,Sneha Patel,Business Plan,799,success
TX00902,2026-03-07,Meera Iyer,Starter Plan,2499,success
TX00903,2026-02-09,Varun Shah,Starter Plan,799,failed
TX00904,2026-01-14,Aditya Verma,Business Plan,9999,success
TX00905,2026-04-02,Neha Gupta,Starter Plan,2499,success
TX00906,2026-05-14,Priya Nair,Starter Plan,799,success
TX00907,2026-04-14,Neha Gupta,Starter Plan,2499,success
TX00908,2026-06-19,Rohan Kumar,Business Plan,2499,success
TX00909,2026-07-12,Rohan Kumar,Enterprise Plan,299,success
TX00910,2026-04-25,Vivek Rao,Pro Plan,999,failed
TX00911,2026-08-15,Aisha Khan,Business Plan,4999,failed
TX00912,2026-04-09,Rahul Sharma,Business Plan,1499,success
TX00913,2026-07-30,Neha Gupta,Business Plan,9999,success
TX00914,2026-08-18,Ananya Menon,Pro Plan,2499,success
TX00915,2026-02-12,Rahul Sharma,Starter Plan,499,success
TX00916,2026-07-18,Aisha Khan,Pro Plan,4999,success
TX00917,2026-05-18,Rohan Kumar,Enterprise Plan,499,success
TX00918,2026-01-07,Priya Nair,Enterprise Plan,2499,success
TX00919,2026-01-14,Rahul Sharma,Pro Plan,1499,success
TX00920,2026-07-30,Aditya Verma,Pro Plan,1499,success
TX00921,2026-06-11,Karan Singh,Enterprise Plan,4999,success
TX00922,2026-06-22,Sneha Patel,Starter Plan,299,success
TX00923,2026-01-17,Aditya Verma,Starter Plan,499,success
TX00924,2026-01-28,Neha Gupta,Business Plan,1499,success
TX00925,2026-07-15,Ananya Menon,Enterprise Plan,4999,success
TX00926,2026-01-08,Aisha Khan,Enterprise Plan,799,success
TX00927,2026-07-11,Priya Nair,Enterprise Plan,1499,failed
TX00928,2026-03-18,Priya Nair,Business Plan,299,success
TX00929,2026-02-06,Neha Gupta,Starter Plan,299,success
TX00930,2026-04-11,Aditya Verma,Starter Plan,1499,success
TX00931,2026-08-20,Riya Thomas,Business Plan,999,success
TX00932,2026-08-06,Aisha Khan,Pro Plan,799,success
TX00933,2026-08-02,Aditya Verma,Business Plan,999,success
TX00934,2026-07-24,Aisha Khan,Starter Plan,9999,success
TX00935,2026-03-16,Rahul Sharma,Starter Plan,1499,success
TX00936,2026-05-29,Riya Thomas,Enterprise Plan,2499,success
TX00937,2026-06-17,Aisha Khan,Pro Plan,499,success
TX00938,2026-08-19,Rahul Sharma,Pro Plan,2499,success
TX00939,2026-06-07,Vivek Rao,Business Plan,799,success
TX00940,2026-07-26,Vivek Rao,Business Plan,4999,success
TX00941,2026-03-05,Vivek Rao,Pro Plan,4999,success
TX00942,2026-02-04,Vivek Rao,Business Plan,9999,success
TX00943,2026-07-18,Vivek Rao,Business Plan,9999,success
TX00944,2026-06-15,Priya Nair,Starter Plan,1499,success
TX00945,2026-08-17,Priya Nair,Pro Plan,1499,success
TX00946,2026-01-20,Aisha Khan,Starter Plan,299,success
TX00947,2026-01-08,Aisha Khan,Enterprise Plan,999,failed
TX00948,2026-03-08,Neha Gupta,Enterprise Plan,799,success
TX00949,2026-08-17,Rohan Kumar,Business Plan,799,success
TX00950,2026-01-24,Neha Gupta,Enterprise Plan,2499,success
TX00951,2026-03-03,Aisha Khan,Pro Plan,799,success
TX00952,2026-05-25,Priya Nair,Pro Plan,9999,failed
TX00953,2026-02-26,Arjun Mehta,Enterprise Plan,999,success
TX00954,2026-03-01,Vivek Rao,Starter Plan,999,success
TX00955,2026-04-03,Akash Das,Enterprise Plan,9999,failed
TX00956,2026-01-12,Varun Shah,Starter Plan,2499,success
TX00957,2026-06-12,Neha Gupta,Business Plan,1499,success
TX00958,2026-02-14,Aditya Verma,Enterprise Plan,4999,success
TX00959,2026-08-18,Aisha Khan,Starter Plan,1499,success
TX00960,2026-02-27,Varun Shah,Enterprise Plan,2499,success
TX00961,2026-05-05,Vivek Rao,Enterprise Plan,299,success
TX00962,2026-04-23,Priya Nair,Pro Plan,999,success
TX00963,2026-03-13,Aisha Khan,Pro Plan,799,success
TX00964,2026-06-04,Vivek Rao,Starter Plan,999,success
TX00965,2026-07-04,Vivek Rao,Starter Plan,9999,success
TX00966,2026-02-23,Karan Singh,Pro Plan,4999,success
TX00967,2026-02-02,Arjun Mehta,Pro Plan,799,success
TX00968,2026-08-17,Arjun Mehta,Pro Plan,299,success
TX00969,2026-02-16,Varun Shah,Enterprise Plan,299,success
TX00970,2026-06-19,Riya Thomas,Business Plan,499,success
TX00971,2026-05-01,Aditya Verma,Enterprise Plan,799,success
TX00972,2026-06-03,Sneha Patel,Pro Plan,799,success
TX00973,2026-03-09,Neha Gupta,Pro Plan,2499,failed
TX00974,2026-06-01,Aditya Verma,Starter Plan,999,success
TX00975,2026-01-28,Priya Nair,Starter Plan,999,success
TX00976,2026-05-10,Varun Shah,Enterprise Plan,799,success
TX00977,2026-05-02,Priya Nair,Starter Plan,499,success
TX00978,2026-02-03,Aisha Khan,Starter Plan,4999,success
TX00979,2026-08-12,Vivek Rao,Starter Plan,4999,success
TX00980,2026-05-04,Akash Das,Enterprise Plan,2499,success
TX00981,2026-08-21,Riya Thomas,Starter Plan,4999,success
TX00982,2026-07-16,Karan Singh,Pro Plan,499,success
TX00983,2026-05-20,Varun Shah,Enterprise Plan,1499,success
TX00984,2026-07-10,Riya Thomas,Starter Plan,499,success
TX00985,2026-06-17,Sneha Patel,Pro Plan,2499,success
TX00986,2026-02-09,Rahul Sharma,Enterprise Plan,1499,success
TX00987,2026-04-19,Neha Gupta,Business Plan,1499,failed
TX00988,2026-07-13,Sneha Patel,Pro Plan,4999,success
TX00989,2026-05-04,Neha Gupta,Pro Plan,2499,success
TX00990,2026-03-06,Karan Singh,Business Plan,2499,success
TX00991,2026-07-08,Sneha Patel,Pro Plan,499,success
TX00992,2026-07-20,Karan Singh,Pro Plan,499,success
TX00993,2026-07-21,Sneha Patel,Business Plan,299,success
TX00994,2026-01-02,Aisha Khan,Starter Plan,799,success
TX00995,2026-04-22,Aditya Verma,Starter Plan,499,success
TX00996,2026-01-21,Vivek Rao,Starter Plan,4999,failed
TX00997,2026-06-07,Sneha Patel,Business Plan,299,failed
TX00998,2026-02-14,Meera Iyer,Enterprise Plan,9999,success
TX00999,2026-06-18,Meera Iyer,Business Plan,999,success
TX01000,2026-05-11,Aditya Verma,Pro Plan,799,success
TX01001,2026-03-03,Vivek Rao,Starter Plan,799,success
TX01002,2026-07-19,Ananya Menon,Enterprise Plan,2499,success
TX01003,2026-05-31,Sneha Patel,Pro Plan,299,success
TX01004,2026-08-24,Rahul Sharma,Starter Plan,1499,success
TX01005,2026-08-23,Neha Gupta,Business Plan,2499,failed
TX01006,2026-02-27,Ananya Menon,Pro Plan,9999,failed
TX01007,2026-01-02,Aditya Verma,Business Plan,799,success
TX01008,2026-05-24,Rahul Sharma,Starter Plan,1499,success
TX01009,2026-07-25,Rahul Sharma,Business Plan,1499,success
TX01010,2026-05-25,Sneha Patel,Enterprise Plan,999,success
TX01011,2026-04-28,Akash Das,Enterprise Plan,299,success
TX01012,2026-01-18,Ananya Menon,Enterprise Plan,999,success
TX01013,2026-07-24,Rohan Kumar,Business Plan,4999,failed
TX01014,2026-05-18,Neha Gupta,Starter Plan,1499,success
TX01015,2026-04-13,Rahul Sharma,Business Plan,499,success
TX01016,2026-05-02,Priya Nair,Business Plan,2499,success
TX01017,2026-03-10,Aditya Verma,Pro Plan,999,success
TX01018,2026-03-02,Rohan Kumar,Pro Plan,1499,success
TX01019,2026-08-02,Rohan Kumar,Pro Plan,2499,success
TX01020,2026-01-31,Rahul Sharma,Starter Plan,9999,success
TX01021,2026-08-08,Akash Das,Starter Plan,9999,success
TX01022,2026-05-07,Vivek Rao,Business Plan,9999,success
TX01023,2026-08-23,Akash Das,Business Plan,4999,success
TX01024,2026-02-02,Aditya Verma,Starter Plan,4999,success
TX01025,2026-01-09,Neha Gupta,Business Plan,4999,success
TX01026,2026-02-14,Akash Das,Enterprise Plan,499,success
TX01027,2026-03-22,Karan Singh,Starter Plan,299,success
TX01028,2026-05-29,Sneha Patel,Starter Plan,2499,success
TX01029,2026-03-08,Meera Iyer,Pro Plan,1499,success
TX01030,2026-06-06,Karan Singh,Business Plan,2499,success
TX01031,2026-02-23,Sneha Patel,Enterprise Plan,2499,success
TX01032,2026-03-13,Sneha Patel,Enterprise Plan,799,success
TX01033,2026-06-25,Aditya Verma,Pro Plan,499,success
TX01034,2026-03-02,Akash Das,Enterprise Plan,4999,success
TX01035,2026-07-09,Akash Das,Pro Plan,9999,success
TX01036,2026-04-18,Priya Nair,Enterprise Plan,799,failed
TX01037,2026-06-11,Meera Iyer,Business Plan,9999,success
TX01038,2026-08-08,Neha Gupta,Starter Plan,4999,success
TX01039,2026-01-16,Priya Nair,Pro Plan,1499,success
TX01040,2026-01-25,Aisha Khan,Enterprise Plan,2499,success
TX01041,2026-05-24,Vivek Rao,Business Plan,2499,success
TX01042,2026-03-31,Rahul Sharma,Pro Plan,799,failed
TX01043,2026-04-01,Ananya Menon,Business Plan,9999,success
TX01044,2026-08-16,Karan Singh,Starter Plan,4999,success
TX01045,2026-06-11,Karan Singh,Pro Plan,799,success
TX01046,2026-03-28,Varun Shah,Enterprise Plan,4999,success
TX01047,2026-01-21,Rahul Sharma,Pro Plan,2499,success
TX01048,2026-06-17,Vivek Rao,Business Plan,1499,success
TX01049,2026-03-11,Sneha Patel,Enterprise Plan,2499,success
TX01050,2026-04-26,Neha Gupta,Enterprise Plan,799,success
TX01051,2026-02-02,Arjun Mehta,Pro Plan,1499,failed
TX01052,2026-07-11,Riya Thomas,Starter Plan,999,success
TX01053,2026-01-25,Rahul Sharma,Starter Plan,9999,success
TX01054,2026-07-17,Arjun Mehta,Enterprise Plan,499,success
TX01055,2026-02-09,Aditya Verma,Starter Plan,4999,success
TX01056,2026-07-08,Rohan Kumar,Business Plan,9999,success
TX01057,2026-05-15,Priya Nair,Pro Plan,299,success
TX01058,2026-08-09,Vivek Rao,Business Plan,9999,success
TX01059,2026-05-19,Meera Iyer,Business Plan,9999,success
TX01060,2026-05-19,Riya Thomas,Pro Plan,9999,success
TX01061,2026-08-13,Aisha Khan,Enterprise Plan,1499,failed
TX01062,2026-05-19,Karan Singh,Pro Plan,499,success
TX01063,2026-04-16,Vivek Rao,Business Plan,799,success
TX01064,2026-05-14,Arjun Mehta,Pro Plan,2499,success
TX01065,2026-01-03,Neha Gupta,Enterprise Plan,9999,success
TX01066,2026-04-21,Akash Das,Business Plan,999,success
TX01067,2026-04-06,Neha Gupta,Pro Plan,4999,success
TX01068,2026-04-12,Sneha Patel,Pro Plan,799,success
TX01069,2026-04-10,Aisha Khan,Enterprise Plan,999,success
TX01070,2026-06-10,Sneha Patel,Pro Plan,1499,success
TX01071,2026-05-17,Riya Thomas,Business Plan,4999,success
TX01072,2026-02-16,Rahul Sharma,Pro Plan,1499,success
TX01073,2026-06-08,Karan Singh,Enterprise Plan,1499,success
TX01074,2026-02-18,Karan Singh,Business Plan,299,success
TX01075,2026-01-06,Neha Gupta,Pro Plan,499,success
TX01076,2026-07-03,Priya Nair,Enterprise Plan,299,success
TX01077,2026-01-04,Priya Nair,Enterprise Plan,999,success
TX01078,2026-07-21,Ananya Menon,Enterprise Plan,2499,success
TX01079,2026-01-09,Akash Das,Business Plan,499,success
TX01080,2026-01-15,Priya Nair,Business Plan,4999,success
TX01081,2026-02-16,Karan Singh,Pro Plan,1499,success
TX01082,2026-01-04,Meera Iyer,Starter Plan,999,success
TX01083,2026-03-05,Karan Singh,Starter Plan,999,success
TX01084,2026-01-25,Akash Das,Pro Plan,9999,success
TX01085,2026-08-28,Ananya Menon,Business Plan,799,success
TX01086,2026-07-10,Arjun Mehta,Starter Plan,1499,success
TX01087,2026-02-20,Ananya Menon,Business Plan,299,success
TX01088,2026-01-29,Rohan Kumar,Pro Plan,4999,success
TX01089,2026-07-23,Priya Nair,Business Plan,499,success
TX01090,2026-01-03,Rohan Kumar,Starter Plan,9999,success
TX01091,2026-04-06,Priya Nair,Starter Plan,999,success
TX01092,2026-06-25,Rahul Sharma,Business Plan,299,success
TX01093,2026-02-09,Aisha Khan,Starter Plan,799,success
TX01094,2026-05-23,Vivek Rao,Business Plan,9999,success
TX01095,2026-06-26,Arjun Mehta,Enterprise Plan,2499,success
TX01096,2026-08-19,Ananya Menon,Starter Plan,9999,success
TX01097,2026-03-17,Neha Gupta,Enterprise Plan,999,success
TX01098,2026-03-31,Neha Gupta,Business Plan,9999,success
TX01099,2026-06-03,Meera Iyer,Pro Plan,499,success
TX01100,2026-03-17,Karan Singh,Business Plan,2499,success
TX01101,2026-06-13,Akash Das,Enterprise Plan,799,success
TX01102,2026-08-08,Aditya Verma,Business Plan,999,success
TX01103,2026-06-18,Rahul Sharma,Enterprise Plan,999,success
TX01104,2026-07-16,Karan Singh,Pro Plan,1499,success
TX01105,2026-03-24,Aisha Khan,Starter Plan,499,success
TX01106,2026-01-12,Rahul Sharma,Pro Plan,799,success
TX01107,2026-01-28,Rohan Kumar,Enterprise Plan,999,success
TX01108,2026-06-14,Aditya Verma,Enterprise Plan,9999,success
TX01109,2026-06-01,Riya Thomas,Business Plan,299,success
TX01110,2026-07-03,Aditya Verma,Starter Plan,299,failed
TX01111,2026-06-17,Rohan Kumar,Enterprise Plan,499,success
TX01112,2026-01-16,Aisha Khan,Business Plan,4999,success
TX01113,2026-07-01,Akash Das,Starter Plan,1499,success
TX01114,2026-01-19,Riya Thomas,Business Plan,499,failed
TX01115,2026-01-25,Neha Gupta,Starter Plan,999,success
TX01116,2026-02-19,Rohan Kumar,Pro Plan,799,success
TX01117,2026-04-17,Neha Gupta,Starter Plan,2499,success
TX01118,2026-06-20,Riya Thomas,Enterprise Plan,499,success
TX01119,2026-05-21,Priya Nair,Enterprise Plan,2499,success
TX01120,2026-06-03,Neha Gupta,Enterprise Plan,2499,failed
TX01121,2026-03-25,Neha Gupta,Business Plan,4999,success
TX01122,2026-07-31,Sneha Patel,Business Plan,999,success
TX01123,2026-04-07,Rohan Kumar,Business Plan,2499,failed
TX01124,2026-04-12,Karan Singh,Starter Plan,299,failed
TX01125,2026-01-05,Aditya Verma,Pro Plan,1499,success
TX01126,2026-02-24,Rohan Kumar,Business Plan,299,success
TX01127,2026-07-30,Riya Thomas,Business Plan,799,success
TX01128,2026-04-02,Karan Singh,Pro Plan,799,success
TX01129,2026-05-30,Varun Shah,Pro Plan,999,success
TX01130,2026-01-24,Ananya Menon,Enterprise Plan,999,success
TX01131,2026-03-25,Riya Thomas,Enterprise Plan,799,success
TX01132,2026-06-26,Varun Shah,Starter Plan,1499,success
TX01133,2026-05-28,Akash Das,Enterprise Plan,499,success
TX01134,2026-07-17,Varun Shah,Business Plan,2499,success
TX01135,2026-04-17,Sneha Patel,Starter Plan,999,success
TX01136,2026-06-04,Meera Iyer,Starter Plan,4999,success
TX01137,2026-01-11,Neha Gupta,Business Plan,799,success
TX01138,2026-02-26,Riya Thomas,Pro Plan,299,success
TX01139,2026-04-25,Sneha Patel,Starter Plan,999,success
TX01140,2026-04-11,Akash Das,Pro Plan,799,success
TX01141,2026-05-27,Karan Singh,Starter Plan,4999,success
TX01142,2026-05-09,Sneha Patel,Enterprise Plan,799,success
TX01143,2026-05-24,Karan Singh,Pro Plan,9999,success
TX01144,2026-02-20,Aditya Verma,Pro Plan,999,success
TX01145,2026-04-21,Akash Das,Business Plan,499,success
TX01146,2026-04-19,Sneha Patel,Business Plan,2499,success
TX01147,2026-06-02,Vivek Rao,Starter Plan,1499,success
TX01148,2026-06-07,Vivek Rao,Enterprise Plan,799,success
TX01149,2026-07-29,Varun Shah,Pro Plan,999,success
TX01150,2026-07-13,Priya Nair,Starter Plan,499,success
TX01151,2026-06-08,Rohan Kumar,Pro Plan,1499,success
TX01152,2026-07-25,Riya Thomas,Starter Plan,1499,success
TX01153,2026-03-26,Arjun Mehta,Pro Plan,999,success
TX01154,2026-07-12,Neha Gupta,Business Plan,9999,success
TX01155,2026-06-27,Priya Nair,Starter Plan,4999,success
TX01156,2026-05-15,Aisha Khan,Starter Plan,1499,success
TX01157,2026-02-21,Ananya Menon,Business Plan,299,success
TX01158,2026-01-18,Arjun Mehta,Enterprise Plan,1499,success
TX01159,2026-06-18,Varun Shah,Business Plan,499,success
TX01160,2026-08-15,Meera Iyer,Enterprise Plan,999,failed
TX01161,2026-07-01,Neha Gupta,Starter Plan,2499,success
TX01162,2026-05-17,Aditya Verma,Starter Plan,799,success
TX01163,2026-05-24,Karan Singh,Starter Plan,299,success
TX01164,2026-03-20,Neha Gupta,Business Plan,9999,success
TX01165,2026-01-05,Priya Nair,Business Plan,2499,success
TX01166,2026-03-02,Ananya Menon,Business Plan,299,success
TX01167,2026-04-10,Varun Shah,Starter Plan,1499,success
TX01168,2026-08-18,Vivek Rao,Enterprise Plan,799,success
TX01169,2026-05-14,Sneha Patel,Pro Plan,4999,success
TX01170,2026-04-20,Priya Nair,Business Plan,2499,success
TX01171,2026-02-22,Priya Nair,Pro Plan,999,success
TX01172,2026-06-26,Ananya Menon,Pro Plan,4999,failed
TX01173,2026-02-07,Akash Das,Pro Plan,2499,success
TX01174,2026-07-04,Neha Gupta,Starter Plan,799,success
TX01175,2026-02-07,Varun Shah,Starter Plan,2499,success
TX01176,2026-04-16,Sneha Patel,Business Plan,9999,success
TX01177,2026-08-17,Meera Iyer,Business Plan,799,success
TX01178,2026-02-03,Rahul Sharma,Pro Plan,299,success
TX01179,2026-06-07,Aditya Verma,Business Plan,999,success
TX01180,2026-06-25,Rohan Kumar,Starter Plan,2499,success
TX01181,2026-05-03,Akash Das,Pro Plan,9999,success
TX01182,2026-02-17,Vivek Rao,Enterprise Plan,9999,success
TX01183,2026-02-19,Priya Nair,Pro Plan,299,success
TX01184,2026-08-25,Arjun Mehta,Business Plan,4999,success
TX01185,2026-02-21,Aisha Khan,Pro Plan,499,success
TX01186,2026-08-10,Karan Singh,Enterprise Plan,2499,success
TX01187,2026-03-05,Varun Shah,Enterprise Plan,4999,success
TX01188,2026-07-08,Aditya Verma,Enterprise Plan,2499,success
TX01189,2026-05-27,Riya Thomas,Starter Plan,499,success
TX01190,2026-08-13,Meera Iyer,Starter Plan,999,success
TX01191,2026-07-08,Sneha Patel,Starter Plan,4999,success
TX01192,2026-01-13,Aisha Khan,Pro Plan,1499,success
TX01193,2026-03-19,Varun Shah,Business Plan,9999,success
TX01194,2026-06-06,Ananya Menon,Starter Plan,799,success
TX01195,2026-04-26,Aisha Khan,Starter Plan,499,success
TX01196,2026-08-29,Aditya Verma,Pro Plan,4999,success
TX01197,2026-01-07,Karan Singh,Pro Plan,9999,success
TX01198,2026-08-18,Riya Thomas,Pro Plan,9999,success
TX01199,2026-06-27,Vivek Rao,Pro Plan,499,success
TX01200,2026-04-26,Riya Thomas,Business Plan,499,success
TX01201,2026-07-06,Sneha Patel,Pro Plan,4999,success
TX01202,2026-07-16,Arjun Mehta,Pro Plan,2499,success
TX01203,2026-08-09,Aisha Khan,Pro Plan,799,success
TX01204,2026-07-16,Priya Nair,Starter Plan,4999,success
TX01205,2026-07-16,Riya Thomas,Enterprise Plan,1499,success
TX01206,2026-08-19,Rahul Sharma,Pro Plan,999,success
TX01207,2026-03-06,Akash Das,Starter Plan,9999,success
TX01208,2026-05-20,Karan Singh,Starter Plan,9999,success
TX01209,2026-06-18,Aditya Verma,Enterprise Plan,9999,success
TX01210,2026-06-03,Rahul Sharma,Starter Plan,999,success
TX01211,2026-06-08,Ananya Menon,Pro Plan,299,success
TX01212,2026-06-17,Arjun Mehta,Business Plan,299,success
TX01213,2026-06-20,Arjun Mehta,Business Plan,2499,failed
TX01214,2026-01-28,Arjun Mehta,Enterprise Plan,799,success
TX01215,2026-06-06,Ananya Menon,Pro Plan,9999,success
TX01216,2026-08-27,Vivek Rao,Starter Plan,499,success
TX01217,2026-04-05,Vivek Rao,Enterprise Plan,499,success
TX01218,2026-05-21,Meera Iyer,Starter Plan,1499,success
TX01219,2026-06-27,Rahul Sharma,Business Plan,2499,success
TX01220,2026-02-23,Neha Gupta,Pro Plan,299,success
TX01221,2026-06-11,Riya Thomas,Starter Plan,9999,success
TX01222,2026-08-28,Aditya Verma,Business Plan,4999,success
TX01223,2026-03-08,Vivek Rao,Business Plan,799,success
TX01224,2026-05-14,Karan Singh,Enterprise Plan,9999,success
TX01225,2026-06-06,Varun Shah,Pro Plan,1499,failed
TX01226,2026-01-31,Arjun Mehta,Starter Plan,9999,success
TX01227,2026-07-08,Rahul Sharma,Pro Plan,4999,success
TX01228,2026-03-31,Vivek Rao,Pro Plan,299,success
TX01229,2026-03-14,Riya Thomas,Business Plan,499,success
TX01230,2026-05-21,Neha Gupta,Business Plan,299,success
TX01231,2026-03-29,Vivek Rao,Enterprise Plan,299,success
TX01232,2026-03-26,Rohan Kumar,Business Plan,9999,failed
TX01233,2026-01-10,Akash Das,Pro Plan,9999,success
TX01234,2026-08-17,Karan Singh,Business Plan,9999,success
TX01235,2026-08-26,Sneha Patel,Starter Plan,1499,success
TX01236,2026-03-22,Aisha Khan,Starter Plan,999,success
TX01237,2026-07-24,Vivek Rao,Business Plan,499,failed
TX01238,2026-08-04,Ananya Menon,Starter Plan,2499,failed
TX01239,2026-05-17,Aisha Khan,Pro Plan,4999,success
TX01240,2026-08-10,Rahul Sharma,Business Plan,2499,success
TX01241,2026-04-16,Ananya Menon,Starter Plan,9999,success
TX01242,2026-04-26,Vivek Rao,Business Plan,999,success
TX01243,2026-01-29,Priya Nair,Business Plan,299,success
TX01244,2026-01-24,Varun Shah,Enterprise Plan,299,success
TX01245,2026-05-09,Varun Shah,Pro Plan,999,success
TX01246,2026-07-07,Karan Singh,Business Plan,2499,success
TX01247,2026-01-26,Meera Iyer,Pro Plan,999,success
TX01248,2026-04-10,Karan Singh,Starter Plan,299,success
TX01249,2026-06-25,Arjun Mehta,Starter Plan,2499,success
TX01250,2026-01-27,Arjun Mehta,Business Plan,299,success
TX01251,2026-06-13,Ananya Menon,Pro Plan,2499,success
TX01252,2026-03-12,Ananya Menon,Business Plan,9999,success
TX01253,2026-02-08,Ananya Menon,Pro Plan,1499,success
TX01254,2026-05-24,Aditya Verma,Starter Plan,999,success
TX01255,2026-03-23,Neha Gupta,Business Plan,799,failed
TX01256,2026-03-14,Akash Das,Pro Plan,799,success
TX01257,2026-08-17,Aditya Verma,Business Plan,9999,success
TX01258,2026-05-01,Arjun Mehta,Starter Plan,499,success
TX01259,2026-04-20,Rahul Sharma,Enterprise Plan,799,success
TX01260,2026-06-01,Varun Shah,Enterprise Plan,2499,success
TX01261,2026-02-20,Meera Iyer,Starter Plan,9999,success
TX01262,2026-07-28,Rahul Sharma,Enterprise Plan,499,success
TX01263,2026-06-14,Aisha Khan,Enterprise Plan,9999,success
TX01264,2026-02-06,Rohan Kumar,Business Plan,2499,success
TX01265,2026-08-23,Riya Thomas,Business Plan,2499,success
TX01266,2026-01-17,Arjun Mehta,Enterprise Plan,499,success
TX01267,2026-08-05,Karan Singh,Pro Plan,1499,success
TX01268,2026-05-28,Aditya Verma,Pro Plan,499,success
TX01269,2026-07-23,Riya Thomas,Starter Plan,2499,success
TX01270,2026-07-22,Rahul Sharma,Business Plan,9999,success
TX01271,2026-03-03,Sneha Patel,Pro Plan,799,failed
TX01272,2026-01-17,Sneha Patel,Business Plan,999,success
TX01273,2026-04-21,Aditya Verma,Enterprise Plan,2499,success
TX01274,2026-02-14,Rohan Kumar,Starter Plan,9999,success
TX01275,2026-04-29,Aditya Verma,Business Plan,499,success
TX01276,2026-03-20,Priya Nair,Enterprise Plan,499,success
TX01277,2026-07-28,Aisha Khan,Enterprise Plan,2499,success
TX01278,2026-01-16,Aisha Khan,Starter Plan,999,success
TX01279,2026-05-29,Varun Shah,Starter Plan,799,success
TX01280,2026-05-17,Karan Singh,Business Plan,4999,success
TX01281,2026-02-20,Karan Singh,Pro Plan,2499,success
TX01282,2026-08-22,Akash Das,Business Plan,4999,success
TX01283,2026-03-30,Varun Shah,Starter Plan,299,success
TX01284,2026-04-14,Neha Gupta,Pro Plan,1499,success
TX01285,2026-05-21,Varun Shah,Starter Plan,299,success
TX01286,2026-04-02,Meera Iyer,Starter Plan,1499,success
TX01287,2026-04-21,Rohan Kumar,Enterprise Plan,2499,success
TX01288,2026-04-08,Sneha Patel,Enterprise Plan,999,success
TX01289,2026-02-05,Karan Singh,Pro Plan,4999,success
TX01290,2026-08-04,Vivek Rao,Enterprise Plan,799,success
TX01291,2026-06-21,Meera Iyer,Pro Plan,799,success
TX01292,2026-01-05,Aisha Khan,Pro Plan,9999,success
TX01293,2026-01-22,Priya Nair,Pro Plan,4999,success
TX01294,2026-07-21,Varun Shah,Enterprise Plan,799,success
TX01295,2026-05-22,Sneha Patel,Enterprise Plan,4999,success
TX01296,2026-04-19,Priya Nair,Starter Plan,9999,success
TX01297,2026-07-02,Rohan Kumar,Business Plan,4999,failed
TX01298,2026-04-04,Aditya Verma,Starter Plan,299,success
TX01299,2026-04-05,Riya Thomas,Starter Plan,9999,failed
TX01300,2026-02-06,Rahul Sharma,Business Plan,9999,success
TX01301,2026-08-16,Neha Gupta,Starter Plan,999,success
TX01302,2026-06-19,Riya Thomas,Starter Plan,1499,success
TX01303,2026-03-29,Varun Shah,Starter Plan,9999,success
TX01304,2026-05-01,Varun Shah,Business Plan,4999,success
TX01305,2026-03-17,Akash Das,Business Plan,799,success
TX01306,2026-06-02,Varun Shah,Business Plan,1499,success
TX01307,2026-05-29,Karan Singh,Pro Plan,299,success
TX01308,2026-07-27,Ananya Menon,Starter Plan,1499,success
TX01309,2026-05-10,Priya Nair,Starter Plan,1499,success
TX01310,2026-03-13,Aditya Verma,Business Plan,1499,success
TX01311,2026-06-04,Rahul Sharma,Pro Plan,799,success
TX01312,2026-07-26,Vivek Rao,Pro Plan,1499,success
TX01313,2026-05-05,Rohan Kumar,Pro Plan,299,success
TX01314,2026-02-07,Rahul Sharma,Pro Plan,9999,success
TX01315,2026-07-17,Sneha Patel,Enterprise Plan,999,success
TX01316,2026-06-13,Riya Thomas,Pro Plan,999,success
TX01317,2026-03-30,Meera Iyer,Starter Plan,1499,success
TX01318,2026-01-14,Rahul Sharma,Pro Plan,9999,success
TX01319,2026-05-02,Ananya Menon,Pro Plan,4999,success
TX01320,2026-05-02,Sneha Patel,Business Plan,799,success
TX01321,2026-01-04,Sneha Patel,Business Plan,9999,success
TX01322,2026-05-16,Vivek Rao,Starter Plan,499,failed
TX01323,2026-04-01,Aisha Khan,Enterprise Plan,1499,success
TX01324,2026-07-25,Ananya Menon,Starter Plan,1499,success
TX01325,2026-04-29,Sneha Patel,Pro Plan,999,success
TX01326,2026-06-26,Aisha Khan,Pro Plan,2499,success
TX01327,2026-01-03,Aisha Khan,Starter Plan,299,success
TX01328,2026-01-27,Neha Gupta,Enterprise Plan,2499,success
TX01329,2026-03-06,Ananya Menon,Pro Plan,299,success
TX01330,2026-01-15,Rahul Sharma,Pro Plan,499,success
TX01331,2026-01-23,Rahul Sharma,Pro Plan,4999,success
TX01332,2026-06-15,Varun Shah,Pro Plan,499,success
TX01333,2026-03-17,Ananya Menon,Enterprise Plan,499,success
TX01334,2026-03-12,Varun Shah,Enterprise Plan,2499,success
TX01335,2026-01-19,Akash Das,Business Plan,299,success
TX01336,2026-01-16,Vivek Rao,Business Plan,1499,success
TX01337,2026-05-06,Rahul Sharma,Pro Plan,4999,success
TX01338,2026-01-28,Karan Singh,Pro Plan,4999,success
TX01339,2026-01-28,Aisha Khan,Enterprise Plan,1499,success
TX01340,2026-01-19,Rahul Sharma,Business Plan,9999,success
TX01341,2026-02-08,Karan Singh,Starter Plan,299,success
TX01342,2026-02-08,Ananya Menon,Business Plan,4999,success
TX01343,2026-07-01,Neha Gupta,Enterprise Plan,9999,success
TX01344,2026-07-06,Meera Iyer,Starter Plan,999,success
TX01345,2026-07-29,Riya Thomas,Enterprise Plan,499,success
TX01346,2026-04-02,Varun Shah,Business Plan,1499,success
TX01347,2026-06-15,Aisha Khan,Starter Plan,2499,success
TX01348,2026-01-21,Vivek Rao,Enterprise Plan,1499,success
TX01349,2026-05-22,Priya Nair,Starter Plan,4999,success
TX01350,2026-06-28,Ananya Menon,Enterprise Plan,499,success
TX01351,2026-05-05,Vivek Rao,Starter Plan,9999,success
TX01352,2026-01-10,Priya Nair,Pro Plan,299,success
TX01353,2026-03-03,Aditya Verma,Enterprise Plan,4999,success
TX01354,2026-06-14,Neha Gupta,Business Plan,9999,success
TX01355,2026-07-27,Meera Iyer,Enterprise Plan,299,success
TX01356,2026-03-28,Arjun Mehta,Starter Plan,4999,success
TX01357,2026-06-17,Akash Das,Enterprise Plan,799,success
TX01358,2026-08-25,Rohan Kumar,Starter Plan,299,success
TX01359,2026-06-17,Karan Singh,Starter Plan,9999,failed
TX01360,2026-01-12,Aditya Verma,Pro Plan,799,success
TX01361,2026-01-13,Aisha Khan,Business Plan,499,success
TX01362,2026-08-02,Priya Nair,Starter Plan,499,success
TX01363,2026-07-24,Aditya Verma,Pro Plan,499,success
TX01364,2026-03-28,Sneha Patel,Enterprise Plan,2499,success
TX01365,2026-05-28,Aisha Khan,Pro Plan,2499,success
TX01366,2026-02-24,Akash Das,Starter Plan,799,success
TX01367,2026-03-12,Rahul Sharma,Pro Plan,4999,success
TX01368,2026-05-22,Vivek Rao,Pro Plan,9999,success
TX01369,2026-01-11,Aditya Verma,Pro Plan,499,success
TX01370,2026-06-06,Aisha Khan,Enterprise Plan,799,success
TX01371,2026-01-21,Karan Singh,Starter Plan,299,success
TX01372,2026-06-30,Rahul Sharma,Business Plan,4999,success
TX01373,2026-07-17,Akash Das,Enterprise Plan,799,success
TX01374,2026-03-11,Aisha Khan,Enterprise Plan,4999,success
TX01375,2026-06-06,Priya Nair,Starter Plan,799,success
TX01376,2026-01-23,Aditya Verma,Business Plan,2499,success
TX01377,2026-03-02,Neha Gupta,Pro Plan,499,failed
TX01378,2026-06-08,Rahul Sharma,Business Plan,999,success
TX01379,2026-06-18,Aisha Khan,Pro Plan,1499,success
TX01380,2026-07-23,Rahul Sharma,Pro Plan,9999,success
TX01381,2026-06-21,Priya Nair,Starter Plan,299,success
TX01382,2026-02-23,Ananya Menon,Enterprise Plan,1499,success
TX01383,2026-08-16,Akash Das,Enterprise Plan,299,success
TX01384,2026-08-25,Arjun Mehta,Pro Plan,799,success
TX01385,2026-05-12,Karan Singh,Starter Plan,499,success
TX01386,2026-04-24,Riya Thomas,Business Plan,4999,success
TX01387,2026-08-18,Aisha Khan,Business Plan,999,success
TX01388,2026-02-28,Vivek Rao,Starter Plan,999,success
TX01389,2026-02-21,Meera Iyer,Enterprise Plan,999,success
TX01390,2026-05-05,Aditya Verma,Starter Plan,4999,success
TX01391,2026-06-06,Varun Shah,Enterprise Plan,799,success
TX01392,2026-04-28,Priya Nair,Pro Plan,2499,failed
TX01393,2026-03-27,Rohan Kumar,Pro Plan,299,success
TX01394,2026-03-13,Arjun Mehta,Pro Plan,499,success
TX01395,2026-04-18,Karan Singh,Pro Plan,2499,success
TX01396,2026-06-04,Ananya Menon,Pro Plan,799,success
TX01397,2026-08-07,Neha Gupta,Pro Plan,499,success
TX01398,2026-05-06,Neha Gupta,Pro Plan,9999,success
TX01399,2026-01-04,Ananya Menon,Enterprise Plan,999,success
TX01400,2026-05-29,Sneha Patel,Pro Plan,799,failed
TX01401,2026-01-02,Varun Shah,Enterprise Plan,299,success
TX01402,2026-07-07,Karan Singh,Starter Plan,4999,success
TX01403,2026-07-27,Karan Singh,Starter Plan,9999,success
TX01404,2026-05-23,Rahul Sharma,Starter Plan,4999,failed
TX01405,2026-04-02,Priya Nair,Business Plan,999,success
TX01406,2026-01-05,Rahul Sharma,Enterprise Plan,1499,success
TX01407,2026-08-08,Karan Singh,Starter Plan,9999,success
TX01408,2026-08-12,Priya Nair,Enterprise Plan,799,success
TX01409,2026-06-10,Vivek Rao,Enterprise Plan,299,success
TX01410,2026-04-09,Rahul Sharma,Business Plan,299,success
TX01411,2026-03-11,Akash Das,Pro Plan,499,success
TX01412,2026-07-08,Vivek Rao,Starter Plan,2499,success
TX01413,2026-04-09,Rahul Sharma,Business Plan,9999,success
TX01414,2026-04-04,Vivek Rao,Pro Plan,499,success
TX01415,2026-02-22,Akash Das,Pro Plan,2499,success
TX01416,2026-06-16,Rahul Sharma,Enterprise Plan,999,success
TX01417,2026-02-27,Akash Das,Business Plan,2499,success
TX01418,2026-06-24,Neha Gupta,Enterprise Plan,1499,success
TX01419,2026-03-30,Vivek Rao,Enterprise Plan,9999,success
TX01420,2026-02-01,Meera Iyer,Enterprise Plan,1499,success
TX01421,2026-07-24,Vivek Rao,Starter Plan,999,success
TX01422,2026-01-23,Karan Singh,Starter Plan,4999,success
TX01423,2026-01-20,Ananya Menon,Starter Plan,799,success
TX01424,2026-02-07,Riya Thomas,Enterprise Plan,799,success
TX01425,2026-06-10,Neha Gupta,Starter Plan,1499,success
TX01426,2026-05-19,Aisha Khan,Pro Plan,9999,success
TX01427,2026-07-08,Karan Singh,Starter Plan,1499,success
TX01428,2026-08-12,Arjun Mehta,Pro Plan,2499,success
TX01429,2026-06-17,Vivek Rao,Business Plan,9999,success
TX01430,2026-05-16,Riya Thomas,Enterprise Plan,9999,success
TX01431,2026-08-18,Priya Nair,Business Plan,799,success
TX01432,2026-05-04,Rohan Kumar,Business Plan,1499,success
TX01433,2026-02-07,Arjun Mehta,Business Plan,1499,success
TX01434,2026-06-08,Priya Nair,Pro Plan,1499,success
TX01435,2026-08-03,Priya Nair,Pro Plan,799,success
TX01436,2026-03-23,Arjun Mehta,Pro Plan,9999,success
TX01437,2026-02-22,Priya Nair,Starter Plan,2499,failed
TX01438,2026-04-06,Priya Nair,Enterprise Plan,799,success
TX01439,2026-08-24,Rahul Sharma,Starter Plan,4999,failed
TX01440,2026-02-07,Akash Das,Enterprise Plan,2499,success
TX01441,2026-05-20,Riya Thomas,Business Plan,1499,success
TX01442,2026-07-13,Ananya Menon,Pro Plan,9999,success
TX01443,2026-07-07,Rahul Sharma,Enterprise Plan,299,success
TX01444,2026-01-30,Neha Gupta,Business Plan,299,success
TX01445,2026-02-26,Meera Iyer,Enterprise Plan,2499,success
TX01446,2026-06-05,Arjun Mehta,Pro Plan,999,success
TX01447,2026-03-13,Akash Das,Pro Plan,299,success
TX01448,2026-04-25,Meera Iyer,Starter Plan,4999,success
TX01449,2026-06-04,Vivek Rao,Starter Plan,2499,success
TX01450,2026-08-07,Riya Thomas,Enterprise Plan,2499,success
TX01451,2026-03-14,Arjun Mehta,Business Plan,2499,success
TX01452,2026-08-12,Karan Singh,Starter Plan,999,success
TX01453,2026-07-09,Karan Singh,Enterprise Plan,9999,success
TX01454,2026-07-06,Akash Das,Enterprise Plan,4999,success
TX01455,2026-06-03,Aditya Verma,Starter Plan,799,success
TX01456,2026-08-11,Karan Singh,Business Plan,499,failed
TX01457,2026-07-13,Aditya Verma,Enterprise Plan,499,success
TX01458,2026-08-23,Aisha Khan,Business Plan,4999,success
TX01459,2026-07-01,Karan Singh,Pro Plan,999,success
TX01460,2026-03-16,Sneha Patel,Enterprise Plan,299,success
TX01461,2026-08-02,Ananya Menon,Business Plan,9999,success
TX01462,2026-02-27,Karan Singh,Starter Plan,299,success
TX01463,2026-06-13,Ananya Menon,Enterprise Plan,499,success
TX01464,2026-03-15,Varun Shah,Enterprise Plan,799,success
TX01465,2026-06-15,Riya Thomas,Pro Plan,299,success
TX01466,2026-05-07,Ananya Menon,Starter Plan,2499,success
TX01467,2026-04-22,Aditya Verma,Business Plan,9999,failed
TX01468,2026-01-31,Meera Iyer,Business Plan,299,success
TX01469,2026-05-29,Priya Nair,Starter Plan,799,success
TX01470,2026-06-27,Varun Shah,Pro Plan,2499,success
TX01471,2026-04-03,Ananya Menon,Enterprise Plan,2499,success
TX01472,2026-05-16,Ananya Menon,Starter Plan,999,success
TX01473,2026-07-15,Priya Nair,Starter Plan,799,success
TX01474,2026-03-22,Meera Iyer,Business Plan,1499,success
TX01475,2026-04-03,Riya Thomas,Starter Plan,2499,success
TX01476,2026-02-05,Arjun Mehta,Business Plan,2499,success
TX01477,2026-03-29,Sneha Patel,Pro Plan,499,success
TX01478,2026-02-26,Neha Gupta,Pro Plan,499,success
TX01479,2026-01-20,Varun Shah,Starter Plan,799,failed
TX01480,2026-03-31,Karan Singh,Business Plan,2499,success
TX01481,2026-08-16,Karan Singh,Business Plan,799,success
TX01482,2026-07-10,Arjun Mehta,Starter Plan,999,success
TX01483,2026-02-06,Riya Thomas,Pro Plan,1499,success
TX01484,2026-01-21,Priya Nair,Enterprise Plan,499,success
TX01485,2026-05-04,Akash Das,Enterprise Plan,299,success
TX01486,2026-07-23,Arjun Mehta,Starter Plan,9999,success
TX01487,2026-01-12,Ananya Menon,Starter Plan,1499,success
TX01488,2026-01-25,Akash Das,Starter Plan,999,success
TX01489,2026-02-17,Rohan Kumar,Business Plan,299,success
TX01490,2026-07-11,Meera Iyer,Business Plan,2499,success
TX01491,2026-05-09,Meera Iyer,Pro Plan,499,success
TX01492,2026-07-15,Aditya Verma,Starter Plan,999,success
TX01493,2026-02-13,Ananya Menon,Starter Plan,499,failed
TX01494,2026-05-10,Varun Shah,Enterprise Plan,2499,success
TX01495,2026-04-23,Priya Nair,Starter Plan,799,success
TX01496,2026-04-19,Sneha Patel,Pro Plan,999,success
TX01497,2026-03-22,Akash Das,Starter Plan,9999,success
TX01498,2026-05-07,Priya Nair,Business Plan,1499,success
TX01499,2026-01-22,Arjun Mehta,Business Plan,9999,success
TX01500,2026-04-27,Ananya Menon,Business Plan,9999,success
